,Disasterid,Lat,Long,_id,blobnames,facial,issafe,medical,num_files,numvictims,priority,user_id,victims
0,0,12.92347719,77.50201866,5c30eeb85c19950f4f585905,"['03.jpg', '04.jpg', '05.jpg', '06.jpeg', '07.jpeg', '08.jpeg', '09.jpeg', '010.jpeg', '011.jpeg', '012.jpeg', '013.jpeg', '014.jpg', '015.jpg', '016.jpg', '017.jpg', '018.jpg', '019.jpg', '020.jpg', '021.jpg', '022.jpg', '023.jpg', '024.jpg', '025.jpg', '026.jpg', '027.jpg', '028.png', '029.png', '030.png', '031.png', '032.png', '033.png', '034.png', '035.png', '036.png', '037.png', '038.png', '039.png', '040.jpg', '041.jpg', '042.jpg']",https://rvsafeimages.blob.core.windows.net/imagescontainer/0facial.jpg,false,"{'name': 'Shubham', 'blood': 'A+', 'height': '1.75', 'weight': '90', 'medical_condition': 'Asthama', 'allergy': 'Pollen Grains', 'notes': 'Contact Xyz'}",42,3,1,0,"{'children': 0, 'elders': 0, 'female': 0, 'males': 3}"
1,4,12.8534,77.627,5c30eebd5c19950f4f585906,"['03.jpg', '04.jpg', '05.jpg', '06.jpeg', '07.jpeg', '08.jpeg', '09.jpeg', '010.jpeg', '011.jpeg', '012.jpeg', '013.jpeg']",nan,Safe,,13,9,0,1,"{'children': '2', 'elders': '0', 'female': '3', 'males': '1'}"
2,0,12.844541401926884,77.59636063613759,5c30eebd5c19950f4f585907,"['03.jpg', '04.jpg', '05.jpg', '06.jpeg', '07.jpeg', '08.jpeg', '09.jpeg', '010.jpeg', '011.jpeg', '012.jpeg', '013.jpeg']",nan,true,,13,5,0,2,"{'children': '0', 'elders': '1', 'female': '3', 'males': '1'}"
3,0,12.837809448650924,77.59689326895202,5c30eebd5c19950f4f585908,"['03.jpg', '04.jpg', '05.jpg', '06.jpeg', '07.jpeg', '08.jpeg', '09.jpeg', '010.jpeg', '011.jpeg', '012.jpeg', '013.jpeg']",nan,true,,13,2,0,3,"{'children': '0', 'elders': '0', 'female': '1', 'males': '1'}"
4,0,12.839233539630726,77.59821835586324,5c30eebe5c19950f4f585909,"['03.jpg', '04.jpg', '05.jpg', '06.jpeg', '07.jpeg', '08.jpeg', '09.jpeg', '010.jpeg', '011.jpeg', '012.jpeg', '013.jpeg']",nan,true,,13,4,0,4,"{'children': '1', 'elders': '0', 'female': '3', 'males': '0'}"
5,0,12.84922235216158,77.59409485083434,5c30eebe5c19950f4f58590a,"['03.jpg', '04.jpg', '05.jpg', '06.jpeg', '07.jpeg', '08.jpeg', '09.jpeg', '010.jpeg', '011.jpeg', '012.jpeg', '013.jpeg']",nan,true,,13,5,0,5,"{'children': '2', 'elders': '1', 'female': '2', 'males': '0'}"
6,0,12.843392483126427,77.59656244012464,5c30eebf5c19950f4f58590b,"['03.jpg', '04.jpg', '05.jpg', '06.jpeg', '07.jpeg', '08.jpeg', '09.jpeg', '010.jpeg', '011.jpeg', '012.jpeg', '013.jpeg']",nan,true,,13,9,0,6,"{'children': '2', 'elders': '1', 'female': '2', 'males': '4'}"
7,0,12.840229182162249,77.5979794229124,5c30eec05c19950f4f58590c,"['03.jpg', '04.jpg', '05.jpg', '06.jpeg', '07.jpeg', '08.jpeg', '09.jpeg', '010.jpeg', '011.jpeg', '012.jpeg', '013.jpeg']",nan,true,,13,9,0,7,"{'children': '1', 'elders': '0', 'female': '3', 'males': '5'}"
8,0,12.842664059407012,77.5981730301408,5c30eec05c19950f4f58590d,"['03.jpg', '04.jpg', '05.jpg', '06.jpeg', '07.jpeg', '08.jpeg', '09.jpeg', '010.jpeg', '011.jpeg', '012.jpeg', '013.jpeg']",nan,true,,13,3,0,8,"{'children': '0', 'elders': '0', 'female': '2', 'males': '1'}"
9,0,12.847906149479366,77.59432469252377,5c30eec05c19950f4f58590e,"['03.jpg', '04.jpg', '05.jpg', '06.jpeg', '07.jpeg', '08.jpeg', '09.jpeg', '010.jpeg', '011.jpeg', '012.jpeg', '013.jpeg']",nan,true,,13,3,0,9,"{'children': '0', 'elders': '1', 'female': '0', 'males': '2'}"
10,0,12.845888198294348,77.59646756548605,5c30eec15c19950f4f58590f,"['03.jpg', '04.jpg', '05.jpg', '06.jpeg', '07.jpeg', '08.jpeg', '09.jpeg', '010.jpeg', '011.jpeg', '012.jpeg', '013.jpeg']",nan,true,,13,5,0,10,"{'children': '0', 'elders': '1', 'female': '3', 'males': '1'}"
11,0,12.843808281943955,77.59670846217578,5c30eec15c19950f4f585910,"['03.jpg', '04.jpg', '05.jpg', '06.jpeg', '07.jpeg', '08.jpeg', '09.jpeg', '010.jpeg', '011.jpeg', '012.jpeg', '013.jpeg']",nan,true,,13,10,0,11,"{'children': '1', 'elders': '1', 'female': '3', 'males': '5'}"
12,0,12.777072882986387,77.57220205391185,5c30eec15c19950f4f585911,"['03.jpg', '04.jpg', '05.jpg', '06.jpeg', '07.jpeg', '08.jpeg', '09.jpeg', '010.jpeg', '011.jpeg', '012.jpeg', '013.jpeg']",nan,false,,13,4,1,12,"{'children': '0', 'elders': '1', 'female': '3', 'males': '0'}"
13,0,12.780227868965213,77.57258692398906,5c30eec25c19950f4f585912,"['03.jpg', '04.jpg', '05.jpg', '06.jpeg', '07.jpeg', '08.jpeg', '09.jpeg', '010.jpeg', '011.jpeg', '012.jpeg', '013.jpeg']",nan,false,,13,9,2,13,"{'children': '1', 'elders': '1', 'female': '2', 'males': '5'}"
14,0,12.77668208853219,77.57113826903766,5c30eec25c19950f4f585913,"['03.jpg', '04.jpg', '05.jpg', '06.jpeg', '07.jpeg', '08.jpeg', '09.jpeg', '010.jpeg', '011.jpeg', '012.jpeg', '013.jpeg']",nan,false,,13,5,2,14,"{'children': '0', 'elders': '0', 'female': '2', 'males': '3'}"
15,0,12.77900716617107,77.57100215696221,5c30eec35c19950f4f585914,"['03.jpg', '04.jpg', '05.jpg', '06.jpeg', '07.jpeg', '08.jpeg', '09.jpeg', '010.jpeg', '011.jpeg', '012.jpeg', '013.jpeg']",nan,false,,13,6,2,15,"{'children': '2', 'elders': '1', 'female': '2', 'males': '1'}"
16,0,12.78052963517471,77.57322177145105,5c30eec35c19950f4f585915,"['03.jpg', '04.jpg', '05.jpg', '06.jpeg', '07.jpeg', '08.jpeg', '09.jpeg', '010.jpeg', '011.jpeg', '012.jpeg', '013.jpeg']",nan,false,,13,6,2,16,"{'children': '0', 'elders': '0', 'female': '2', 'males': '4'}"
17,0,12.781427044452856,77.57338605641709,5c30eec45c19950f4f585916,"['03.jpg', '04.jpg', '05.jpg', '06.jpeg', '07.jpeg', '08.jpeg', '09.jpeg', '010.jpeg', '011.jpeg', '012.jpeg', '013.jpeg']",nan,false,,13,7,2,17,"{'children': '2', 'elders': '0', 'female': '3', 'males': '2'}"
18,0,12.78104962201323,77.57041622365169,5c30eec45c19950f4f585917,"['03.jpg', '04.jpg', '05.jpg', '06.jpeg', '07.jpeg', '08.jpeg', '09.jpeg', '010.jpeg', '011.jpeg', '012.jpeg', '013.jpeg']",nan,false,,13,4,1,18,"{'children': '1', 'elders': '1', 'female': '0', 'males': '2'}"
19,0,12.778875392868304,77.57563470677098,5c30eec55c19950f4f585918,"['03.jpg', '04.jpg', '05.jpg', '06.jpeg', '07.jpeg', '08.jpeg', '09.jpeg', '010.jpeg', '011.jpeg', '012.jpeg', '013.jpeg']",nan,false,,13,5,2,19,"{'children': '2', 'elders': '1', 'female': '0', 'males': '2'}"
20,0,12.777728503685145,77.57558723112369,5c30eec55c19950f4f585919,"['03.jpg', '04.jpg', '05.jpg', '06.jpeg', '07.jpeg', '08.jpeg', '09.jpeg', '010.jpeg', '011.jpeg', '012.jpeg', '013.jpeg']",nan,false,,13,8,2,20,"{'children': '2', 'elders': '0', 'female': '1', 'males': '5'}"
21,0,12.777896167971955,77.57035781143398,5c30eec65c19950f4f58591a,"['03.jpg', '04.jpg', '05.jpg', '06.jpeg', '07.jpeg', '08.jpeg', '09.jpeg', '010.jpeg', '011.jpeg', '012.jpeg', '013.jpeg']",nan,false,,13,7,2,21,"{'children': '2', 'elders': '0', 'female': '3', 'males': '2'}"
22,0,12.777325926147046,77.57424627236703,5c30eec75c19950f4f58591b,"['03.jpg', '04.jpg', '05.jpg', '06.jpeg', '07.jpeg', '08.jpeg', '09.jpeg', '010.jpeg', '011.jpeg', '012.jpeg', '013.jpeg']",nan,false,,13,5,2,22,"{'children': '1', 'elders': '1', 'female': '3', 'males': '0'}"
23,0,12.935470620972113,77.68695446578424,5c30eec75c19950f4f58591c,"['03.jpg', '04.jpg', '05.jpg', '06.jpeg', '07.jpeg', '08.jpeg', '09.jpeg', '010.jpeg', '011.jpeg', '012.jpeg', '013.jpeg']",nan,true,,13,3,0,23,"{'children': '0', 'elders': '1', 'female': '1', 'males': '1'}"
24,0,12.927377654703712,77.69514389156356,5c30eec75c19950f4f58591d,"['03.jpg', '04.jpg', '05.jpg', '06.jpeg', '07.jpeg', '08.jpeg', '09.jpeg', '010.jpeg', '011.jpeg', '012.jpeg', '013.jpeg']",nan,true,,13,6,0,24,"{'children': '1', 'elders': '0', 'female': '2', 'males': '3'}"
25,0,12.932695639102139,77.69785297298867,5c30eec85c19950f4f58591e,"['03.jpg', '04.jpg', '05.jpg', '06.jpeg', '07.jpeg', '08.jpeg', '09.jpeg', '010.jpeg', '011.jpeg', '012.jpeg', '013.jpeg']",nan,true,,13,5,0,25,"{'children': '0', 'elders': '1', 'female': '0', 'males': '4'}"
26,0,12.935321403597571,77.69363541168204,5c30eec95c19950f4f58591f,"['03.jpg', '04.jpg', '05.jpg', '06.jpeg', '07.jpeg', '08.jpeg', '09.jpeg', '010.jpeg', '011.jpeg', '012.jpeg', '013.jpeg']",nan,true,,13,4,0,26,"{'children': '1', 'elders': '0', 'female': '1', 'males': '2'}"
27,0,12.929525357931249,77.68406061314387,5c30eec95c19950f4f585920,"['03.jpg', '04.jpg', '05.jpg', '06.jpeg', '07.jpeg', '08.jpeg', '09.jpeg', '010.jpeg', '011.jpeg', '012.jpeg', '013.jpeg']",nan,true,,13,4,0,27,"{'children': '1', 'elders': '0', 'female': '2', 'males': '1'}"
28,0,12.925378044457533,77.69645928651512,5c30eeca5c19950f4f585921,"['03.jpg', '04.jpg', '05.jpg', '06.jpeg', '07.jpeg', '08.jpeg', '09.jpeg', '010.jpeg', '011.jpeg', '012.jpeg', '013.jpeg']",nan,true,,13,9,0,28,"{'children': '0', 'elders': '1', 'female': '3', 'males': '5'}"
29,0,12.928360150831322,77.69870990040431,5c30eeca5c19950f4f585922,"['03.jpg', '04.jpg', '05.jpg', '06.jpeg', '07.jpeg', '08.jpeg', '09.jpeg', '010.jpeg', '011.jpeg', '012.jpeg', '013.jpeg']",nan,true,,13,8,0,29,"{'children': '2', 'elders': '1', 'female': '0', 'males': '5'}"
30,0,12.934087776136215,77.68804818662413,5c30eeca5c19950f4f585923,"['03.jpg', '04.jpg', '05.jpg', '06.jpeg', '07.jpeg', '08.jpeg', '09.jpeg', '010.jpeg', '011.jpeg', '012.jpeg', '013.jpeg']",nan,true,,13,7,0,30,"{'children': '1', 'elders': '1', 'female': '0', 'males': '5'}"
31,0,12.928330673506494,77.69330350576622,5c30eecb5c19950f4f585924,"['03.jpg', '04.jpg', '05.jpg', '06.jpeg', '07.jpeg', '08.jpeg', '09.jpeg', '010.jpeg', '011.jpeg', '012.jpeg', '013.jpeg']",nan,true,,13,8,0,31,"{'children': '2', 'elders': '1', 'female': '2', 'males': '3'}"
32,0,12.922598639949973,77.69069976642821,5c30eecb5c19950f4f585925,"['03.jpg', '04.jpg', '05.jpg', '06.jpeg', '07.jpeg', '08.jpeg', '09.jpeg', '010.jpeg', '011.jpeg', '012.jpeg', '013.jpeg']",nan,true,,13,6,0,32,"{'children': '0', 'elders': '1', 'female': '3', 'males': '2'}"
33,0,12.934453759772895,77.69472233418409,5c30eecb5c19950f4f585926,"['03.jpg', '04.jpg', '05.jpg', '06.jpeg', '07.jpeg', '08.jpeg', '09.jpeg', '010.jpeg', '011.jpeg', '012.jpeg', '013.jpeg']",nan,true,,13,8,0,33,"{'children': '2', 'elders': '0', 'female': '3', 'males': '3'}"
34,0,12.934860150283313,77.69033355301286,5c30eecc5c19950f4f585927,"['03.jpg', '04.jpg', '05.jpg', '06.jpeg', '07.jpeg', '08.jpeg', '09.jpeg', '010.jpeg', '011.jpeg', '012.jpeg', '013.jpeg']",nan,true,,13,9,0,34,"{'children': '2', 'elders': '1', 'female': '2', 'males': '4'}"
35,0,12.930911083497849,77.69560114514195,5c30eecc5c19950f4f585928,"['03.jpg', '04.jpg', '05.jpg', '06.jpeg', '07.jpeg', '08.jpeg', '09.jpeg', '010.jpeg', '011.jpeg', '012.jpeg', '013.jpeg']",nan,true,,13,9,0,35,"{'children': '2', 'elders': '1', 'female': '2', 'males': '4'}"
36,0,12.927080388335009,77.69811798328764,5c30eecd5c19950f4f585929,"['03.jpg', '04.jpg', '05.jpg', '06.jpeg', '07.jpeg', '08.jpeg', '09.jpeg', '010.jpeg', '011.jpeg', '012.jpeg', '013.jpeg']",nan,true,,13,8,0,36,"{'children': '2', 'elders': '1', 'female': '0', 'males': '5'}"
37,0,12.933165650526641,77.69372231500074,5c30eecd5c19950f4f58592a,"['03.jpg', '04.jpg', '05.jpg', '06.jpeg', '07.jpeg', '08.jpeg', '09.jpeg', '010.jpeg', '011.jpeg', '012.jpeg', '013.jpeg']",nan,true,,13,5,0,37,"{'children': '0', 'elders': '0', 'female': '0', 'males': '5'}"
38,0,12.937072521670089,77.69335654119084,5c30eecd5c19950f4f58592b,"['03.jpg', '04.jpg', '05.jpg', '06.jpeg', '07.jpeg', '08.jpeg', '09.jpeg', '010.jpeg', '011.jpeg', '012.jpeg', '013.jpeg']",nan,true,,13,5,0,38,"{'children': '2', 'elders': '0', 'female': '3', 'males': '0'}"
39,0,12.922136874540975,77.6898246327058,5c30eece5c19950f4f58592c,"['03.jpg', '04.jpg', '05.jpg', '06.jpeg', '07.jpeg', '08.jpeg', '09.jpeg', '010.jpeg', '011.jpeg', '012.jpeg', '013.jpeg']",nan,true,,13,7,0,39,"{'children': '2', 'elders': '1', 'female': '1', 'males': '3'}"
40,0,12.935072567482756,77.69698588019669,5c30eece5c19950f4f58592d,"['03.jpg', '04.jpg', '05.jpg', '06.jpeg', '07.jpeg', '08.jpeg', '09.jpeg', '010.jpeg', '011.jpeg', '012.jpeg', '013.jpeg']",nan,true,,13,7,0,40,"{'children': '0', 'elders': '0', 'female': '2', 'males': '5'}"
41,0,12.933450494461574,77.6941235273794,5c30eecf5c19950f4f58592e,"['03.jpg', '04.jpg', '05.jpg', '06.jpeg', '07.jpeg', '08.jpeg', '09.jpeg', '010.jpeg', '011.jpeg', '012.jpeg', '013.jpeg']",nan,true,,13,8,0,41,"{'children': '2', 'elders': '0', 'female': '3', 'males': '3'}"
42,0,12.921745779587965,77.68902639741813,5c30eecf5c19950f4f58592f,"['03.jpg', '04.jpg', '05.jpg', '06.jpeg', '07.jpeg', '08.jpeg', '09.jpeg', '010.jpeg', '011.jpeg', '012.jpeg', '013.jpeg']",nan,true,,13,5,0,42,"{'children': '1', 'elders': '0', 'female': '3', 'males': '1'}"
43,0,12.926598926192653,77.68894521735275,5c30eecf5c19950f4f585930,"['03.jpg', '04.jpg', '05.jpg', '06.jpeg', '07.jpeg', '08.jpeg', '09.jpeg', '010.jpeg', '011.jpeg', '012.jpeg', '013.jpeg']",nan,true,,13,4,0,43,"{'children': '2', 'elders': '0', 'female': '1', 'males': '1'}"
44,0,12.926890325704136,77.68826891030207,5c30eed05c19950f4f585931,"['03.jpg', '04.jpg', '05.jpg', '06.jpeg', '07.jpeg', '08.jpeg', '09.jpeg', '010.jpeg', '011.jpeg', '012.jpeg', '013.jpeg']",nan,true,,13,2,0,44,"{'children': '0', 'elders': '0', 'female': '1', 'males': '1'}"
45,0,12.933244566300935,77.6916603676997,5c30eed05c19950f4f585932,"['03.jpg', '04.jpg', '05.jpg', '06.jpeg', '07.jpeg', '08.jpeg', '09.jpeg', '010.jpeg', '011.jpeg', '012.jpeg', '013.jpeg']",nan,true,,13,7,0,45,"{'children': '1', 'elders': '1', 'female': '3', 'males': '2'}"
46,0,12.9308384394276,77.69675683702026,5c30eed15c19950f4f585933,"['03.jpg', '04.jpg', '05.jpg', '06.jpeg', '07.jpeg', '08.jpeg', '09.jpeg', '010.jpeg', '011.jpeg', '012.jpeg', '013.jpeg']",nan,true,,13,4,0,46,"{'children': '0', 'elders': '0', 'female': '3', 'males': '1'}"
47,0,12.933532034029374,77.68874266514308,5c30eed15c19950f4f585934,"['03.jpg', '04.jpg', '05.jpg', '06.jpeg', '07.jpeg', '08.jpeg', '09.jpeg', '010.jpeg', '011.jpeg', '012.jpeg', '013.jpeg']",nan,true,,13,3,0,47,"{'children': '0', 'elders': '0', 'female': '3', 'males': '0'}"
48,0,12.93091006223402,77.6979885632197,5c30eed25c19950f4f585935,"['03.jpg', '04.jpg', '05.jpg', '06.jpeg', '07.jpeg', '08.jpeg', '09.jpeg', '010.jpeg', '011.jpeg', '012.jpeg', '013.jpeg']",nan,true,,13,5,0,48,"{'children': '2', 'elders': '0', 'female': '3', 'males': '0'}"
49,0,12.92652662705505,77.69026921704825,5c30eed25c19950f4f585936,"['03.jpg', '04.jpg', '05.jpg', '06.jpeg', '07.jpeg', '08.jpeg', '09.jpeg', '010.jpeg', '011.jpeg', '012.jpeg', '013.jpeg']",nan,true,,13,2,0,49,"{'children': '2', 'elders': '0', 'female': '0', 'males': '0'}"
50,0,12.931474730011944,77.6888972134917,5c30eed35c19950f4f585937,"['03.jpg', '04.jpg', '05.jpg', '06.jpeg', '07.jpeg', '08.jpeg', '09.jpeg', '010.jpeg', '011.jpeg', '012.jpeg', '013.jpeg']",nan,true,,13,6,0,50,"{'children': '2', 'elders': '1', 'female': '0', 'males': '3'}"
51,0,12.923761170724394,77.69234732646007,5c30eed35c19950f4f585938,"['03.jpg', '04.jpg', '05.jpg', '06.jpeg', '07.jpeg', '08.jpeg', '09.jpeg', '010.jpeg', '011.jpeg', '012.jpeg', '013.jpeg']",nan,true,,13,1,0,51,"{'children': '0', 'elders': '0', 'female': '1', 'males': '0'}"
52,0,12.924411605051224,77.69158825350483,5c30eed45c19950f4f585939,"['03.jpg', '04.jpg', '05.jpg', '06.jpeg', '07.jpeg', '08.jpeg', '09.jpeg', '010.jpeg', '011.jpeg', '012.jpeg', '013.jpeg']",nan,true,,13,3,0,52,"{'children': '0', 'elders': '1', 'female': '2', 'males': '0'}"
53,0,12.934982812489883,77.68641486853927,5c30eed55c19950f4f58593a,"['03.jpg', '04.jpg', '05.jpg', '06.jpeg', '07.jpeg', '08.jpeg', '09.jpeg', '010.jpeg', '011.jpeg', '012.jpeg', '013.jpeg']",nan,true,,13,6,0,53,"{'children': '1', 'elders': '0', 'female': '3', 'males': '2'}"
54,0,12.935728250394757,77.68513450780499,5c30eed55c19950f4f58593b,"['03.jpg', '04.jpg', '05.jpg', '06.jpeg', '07.jpeg', '08.jpeg', '09.jpeg', '010.jpeg', '011.jpeg', '012.jpeg', '013.jpeg']",nan,true,,13,6,0,54,"{'children': '1', 'elders': '1', 'female': '3', 'males': '1'}"
55,0,12.930360936393152,77.70060269567277,5c30eed55c19950f4f58593c,"['03.jpg', '04.jpg', '05.jpg', '06.jpeg', '07.jpeg', '08.jpeg', '09.jpeg', '010.jpeg', '011.jpeg', '012.jpeg', '013.jpeg']",nan,true,,13,7,0,55,"{'children': '2', 'elders': '1', 'female': '0', 'males': '4'}"
56,0,12.927538249006199,77.69239189182146,5c30eed65c19950f4f58593d,"['03.jpg', '04.jpg', '05.jpg', '06.jpeg', '07.jpeg', '08.jpeg', '09.jpeg', '010.jpeg', '011.jpeg', '012.jpeg', '013.jpeg']",nan,true,,13,9,0,56,"{'children': '2', 'elders': '0', 'female': '2', 'males': '5'}"
57,0,12.929211707757444,77.70054582718967,5c30eed65c19950f4f58593e,"['03.jpg', '04.jpg', '05.jpg', '06.jpeg', '07.jpeg', '08.jpeg', '09.jpeg', '010.jpeg', '011.jpeg', '012.jpeg', '013.jpeg']",nan,true,,13,7,0,57,"{'children': '2', 'elders': '1', 'female': '1', 'males': '3'}"
58,0,12.926489308381546,77.69026537191434,5c30eed65c19950f4f58593f,"['03.jpg', '04.jpg', '05.jpg', '06.jpeg', '07.jpeg', '08.jpeg', '09.jpeg', '010.jpeg', '011.jpeg', '012.jpeg', '013.jpeg']",nan,true,,13,6,0,58,"{'children': '1', 'elders': '1', 'female': '3', 'males': '1'}"
59,0,12.930154320235966,77.6865735726867,5c30eed75c19950f4f585940,"['03.jpg', '04.jpg', '05.jpg', '06.jpeg', '07.jpeg', '08.jpeg', '09.jpeg', '010.jpeg', '011.jpeg', '012.jpeg', '013.jpeg']",nan,true,,13,6,0,59,"{'children': '0', 'elders': '1', 'female': '3', 'males': '2'}"
60,0,13.005197357507482,77.63518433544351,5c30eed75c19950f4f585941,"['03.jpg', '04.jpg', '05.jpg', '06.jpeg', '07.jpeg', '08.jpeg', '09.jpeg', '010.jpeg', '011.jpeg', '012.jpeg', '013.jpeg']",nan,false,,13,6,2,60,"{'children': '1', 'elders': '1', 'female': '3', 'males': '1'}"
61,0,13.013285247070534,77.63317483980569,5c30eed75c19950f4f585942,"['03.jpg', '04.jpg', '05.jpg', '06.jpeg', '07.jpeg', '08.jpeg', '09.jpeg', '010.jpeg', '011.jpeg', '012.jpeg', '013.jpeg']",nan,false,,13,7,2,61,"{'children': '0', 'elders': '1', 'female': '2', 'males': '4'}"
62,0,12.998811211203787,77.64197105729174,5c30eed85c19950f4f585943,"['03.jpg', '04.jpg', '05.jpg', '06.jpeg', '07.jpeg', '08.jpeg', '09.jpeg', '010.jpeg', '011.jpeg', '012.jpeg', '013.jpeg']",nan,false,,13,4,1,62,"{'children': '0', 'elders': '0', 'female': '1', 'males': '3'}"
63,0,13.013138021821813,77.63630314207698,5c30eed85c19950f4f585944,"['03.jpg', '04.jpg', '05.jpg', '06.jpeg', '07.jpeg', '08.jpeg', '09.jpeg', '010.jpeg', '011.jpeg', '012.jpeg', '013.jpeg']",nan,false,,13,4,1,63,"{'children': '1', 'elders': '0', 'female': '1', 'males': '2'}"
64,0,13.000251405241931,77.63536786298984,5c30eed95c19950f4f585945,"['03.jpg', '04.jpg', '05.jpg', '06.jpeg', '07.jpeg', '08.jpeg', '09.jpeg', '010.jpeg', '011.jpeg', '012.jpeg', '013.jpeg']",nan,false,,13,2,0,64,"{'children': '2', 'elders': '0', 'female': '0', 'males': '0'}"
65,0,13.007762620363913,77.62770839565579,5c30eed95c19950f4f585946,"['03.jpg', '04.jpg', '05.jpg', '06.jpeg', '07.jpeg', '08.jpeg', '09.jpeg', '010.jpeg', '011.jpeg', '012.jpeg', '013.jpeg']",nan,false,,13,2,0,65,"{'children': '1', 'elders': '0', 'female': '1', 'males': '0'}"
66,0,12.999855614478204,77.64314590559532,5c30eed95c19950f4f585947,"['03.jpg', '04.jpg', '05.jpg', '06.jpeg', '07.jpeg', '08.jpeg', '09.jpeg', '010.jpeg', '011.jpeg', '012.jpeg', '013.jpeg']",nan,false,,13,7,2,66,"{'children': '2', 'elders': '1', 'female': '2', 'males': '2'}"
67,0,13.004298672159734,77.63974395381467,5c30eeda5c19950f4f585948,"['03.jpg', '04.jpg', '05.jpg', '06.jpeg', '07.jpeg', '08.jpeg', '09.jpeg', '010.jpeg', '011.jpeg', '012.jpeg', '013.jpeg']",nan,false,,13,6,2,67,"{'children': '1', 'elders': '1', 'female': '2', 'males': '2'}"
68,0,13.020050624010553,77.63474239417667,5c30eeda5c19950f4f585949,"['03.jpg', '04.jpg', '05.jpg', '06.jpeg', '07.jpeg', '08.jpeg', '09.jpeg', '010.jpeg', '011.jpeg', '012.jpeg', '013.jpeg']",nan,false,,13,2,0,68,"{'children': '1', 'elders': '0', 'female': '0', 'males': '1'}"
69,0,13.01811396517437,77.63743351323433,5c30eeda5c19950f4f58594a,"['03.jpg', '04.jpg', '05.jpg', '06.jpeg', '07.jpeg', '08.jpeg', '09.jpeg', '010.jpeg', '011.jpeg', '012.jpeg', '013.jpeg']",nan,false,,13,8,2,69,"{'children': '0', 'elders': '1', 'female': '2', 'males': '5'}"
70,0,13.008102227916565,77.6324797296967,5c30eedb5c19950f4f58594b,"['03.jpg', '04.jpg', '05.jpg', '06.jpeg', '07.jpeg', '08.jpeg', '09.jpeg', '010.jpeg', '011.jpeg', '012.jpeg', '013.jpeg']",nan,false,,13,4,1,70,"{'children': '0', 'elders': '0', 'female': '0', 'males': '4'}"
71,0,12.998412356119655,77.64584777539169,5c30eedb5c19950f4f58594c,"['03.jpg', '04.jpg', '05.jpg', '06.jpeg', '07.jpeg', '08.jpeg', '09.jpeg', '010.jpeg', '011.jpeg', '012.jpeg', '013.jpeg']",nan,false,,13,7,2,71,"{'children': '1', 'elders': '0', 'female': '3', 'males': '3'}"
72,0,13.019395894068733,77.6324338864131,5c30eedb5c19950f4f58594d,"['03.jpg', '04.jpg', '05.jpg', '06.jpeg', '07.jpeg', '08.jpeg', '09.jpeg', '010.jpeg', '011.jpeg', '012.jpeg', '013.jpeg']",nan,false,,13,2,0,72,"{'children': '0', 'elders': '1', 'female': '1', 'males': '0'}"
73,0,13.004865706786726,77.63926551604267,5c30eedc5c19950f4f58594e,"['03.jpg', '04.jpg', '05.jpg', '06.jpeg', '07.jpeg', '08.jpeg', '09.jpeg', '010.jpeg', '011.jpeg', '012.jpeg', '013.jpeg']",nan,false,,13,5,2,73,"{'children': '2', 'elders': '1', 'female': '0', 'males': '2'}"
74,0,13.003532428997994,77.63223820739131,5c30eedd5c19950f4f58594f,"['03.jpg', '04.jpg', '05.jpg', '06.jpeg', '07.jpeg', '08.jpeg', '09.jpeg', '010.jpeg', '011.jpeg', '012.jpeg', '013.jpeg']",nan,false,,13,8,2,74,"{'children': '0', 'elders': '0', 'female': '3', 'males': '5'}"
75,0,13.004632803759375,77.63127700941166,5c30eedd5c19950f4f585950,"['03.jpg', '04.jpg', '05.jpg', '06.jpeg', '07.jpeg', '08.jpeg', '09.jpeg', '010.jpeg', '011.jpeg', '012.jpeg', '013.jpeg']",nan,false,,13,4,1,75,"{'children': '0', 'elders': '0', 'female': '2', 'males': '2'}"
76,0,13.007678044854254,77.62931991026024,5c30eede5c19950f4f585951,"['03.jpg', '04.jpg', '05.jpg', '06.jpeg', '07.jpeg', '08.jpeg', '09.jpeg', '010.jpeg', '011.jpeg', '012.jpeg', '013.jpeg']",nan,false,,13,7,2,76,"{'children': '2', 'elders': '0', 'female': '3', 'males': '2'}"
77,0,13.005730084591315,77.63268129038647,5c30eedf5c19950f4f585952,"['03.jpg', '04.jpg', '05.jpg', '06.jpeg', '07.jpeg', '08.jpeg', '09.jpeg', '010.jpeg', '011.jpeg', '012.jpeg', '013.jpeg']",nan,false,,13,8,2,77,"{'children': '2', 'elders': '1', 'female': '1', 'males': '4'}"
78,0,12.997144348017876,77.6455249758488,5c30eedf5c19950f4f585953,"['03.jpg', '04.jpg', '05.jpg', '06.jpeg', '07.jpeg', '08.jpeg', '09.jpeg', '010.jpeg', '011.jpeg', '012.jpeg', '013.jpeg']",nan,false,,13,6,2,78,"{'children': '1', 'elders': '0', 'female': '1', 'males': '4'}"
79,0,13.010365491124633,77.6251356518392,5c30eee05c19950f4f585954,"['03.jpg', '04.jpg', '05.jpg', '06.jpeg', '07.jpeg', '08.jpeg', '09.jpeg', '010.jpeg', '011.jpeg', '012.jpeg', '013.jpeg']",nan,false,,13,4,1,79,"{'children': '1', 'elders': '0', 'female': '0', 'males': '3'}"
80,0,13.014463403827849,77.6312705119541,5c30eee05c19950f4f585955,"['03.jpg', '04.jpg', '05.jpg', '06.jpeg', '07.jpeg', '08.jpeg', '09.jpeg', '010.jpeg', '011.jpeg', '012.jpeg', '013.jpeg']",nan,false,,13,9,2,80,"{'children': '2', 'elders': '1', 'female': '3', 'males': '3'}"
81,0,13.002966282947217,77.64100517192061,5c30eee15c19950f4f585956,"['03.jpg', '04.jpg', '05.jpg', '06.jpeg', '07.jpeg', '08.jpeg', '09.jpeg', '010.jpeg', '011.jpeg', '012.jpeg', '013.jpeg']",nan,false,,13,4,1,81,"{'children': '0', 'elders': '1', 'female': '0', 'males': '3'}"
82,0,13.00273457179082,77.63740541597659,5c30eee15c19950f4f585957,"['03.jpg', '04.jpg', '05.jpg', '06.jpeg', '07.jpeg', '08.jpeg', '09.jpeg', '010.jpeg', '011.jpeg', '012.jpeg', '013.jpeg']",nan,false,,13,1,0,82,"{'children': '0', 'elders': '0', 'female': '0', 'males': '1'}"
83,0,13.019611248495874,77.63770413652311,5c30eee25c19950f4f585958,"['03.jpg', '04.jpg', '05.jpg', '06.jpeg', '07.jpeg', '08.jpeg', '09.jpeg', '010.jpeg', '011.jpeg', '012.jpeg', '013.jpeg']",nan,false,,13,5,2,83,"{'children': '1', 'elders': '1', 'female': '3', 'males': '0'}"
84,0,12.999761713702235,77.644821465188,5c30eee25c19950f4f585959,"['03.jpg', '04.jpg', '05.jpg', '06.jpeg', '07.jpeg', '08.jpeg', '09.jpeg', '010.jpeg', '011.jpeg', '012.jpeg', '013.jpeg']",nan,false,,13,8,2,84,"{'children': '2', 'elders': '1', 'female': '1', 'males': '4'}"
85,0,13.017168147743226,77.63291171791353,5c30eee25c19950f4f58595a,"['03.jpg', '04.jpg', '05.jpg', '06.jpeg', '07.jpeg', '08.jpeg', '09.jpeg', '010.jpeg', '011.jpeg', '012.jpeg', '013.jpeg']",nan,false,,13,8,2,85,"{'children': '2', 'elders': '1', 'female': '1', 'males': '4'}"
86,0,13.012746720552625,77.63388995132316,5c30eee35c19950f4f58595b,"['03.jpg', '04.jpg', '05.jpg', '06.jpeg', '07.jpeg', '08.jpeg', '09.jpeg', '010.jpeg', '011.jpeg', '012.jpeg', '013.jpeg']",nan,false,,13,5,2,86,"{'children': '0', 'elders': '0', 'female': '0', 'males': '5'}"
87,0,12.998940870006196,77.64218251830869,5c30eee35c19950f4f58595c,"['03.jpg', '04.jpg', '05.jpg', '06.jpeg', '07.jpeg', '08.jpeg', '09.jpeg', '010.jpeg', '011.jpeg', '012.jpeg', '013.jpeg']",nan,false,,13,6,2,87,"{'children': '2', 'elders': '1', 'female': '3', 'males': '0'}"
88,0,13.018727557020553,77.63495270259057,5c30eee45c19950f4f58595d,"['03.jpg', '04.jpg', '05.jpg', '06.jpeg', '07.jpeg', '08.jpeg', '09.jpeg', '010.jpeg', '011.jpeg', '012.jpeg', '013.jpeg']",nan,false,,13,7,2,88,"{'children': '1', 'elders': '1', 'female': '1', 'males': '4'}"
89,0,13.008714216083973,77.63391715835465,5c30eee45c19950f4f58595e,"['03.jpg', '04.jpg', '05.jpg', '06.jpeg', '07.jpeg', '08.jpeg', '09.jpeg', '010.jpeg', '011.jpeg', '012.jpeg', '013.jpeg']",nan,false,,13,2,0,89,"{'children': '2', 'elders': '0', 'female': '0', 'males': '0'}"
90,0,13.002583662576525,77.63789680163829,5c30eee45c19950f4f58595f,"['03.jpg', '04.jpg', '05.jpg', '06.jpeg', '07.jpeg', '08.jpeg', '09.jpeg', '010.jpeg', '011.jpeg', '012.jpeg', '013.jpeg']",nan,false,,13,3,1,90,"{'children': '1', 'elders': '0', 'female': '0', 'males': '2'}"
91,0,13.005972497891946,77.62864497258644,5c30eee55c19950f4f585960,"['03.jpg', '04.jpg', '05.jpg', '06.jpeg', '07.jpeg', '08.jpeg', '09.jpeg', '010.jpeg', '011.jpeg', '012.jpeg', '013.jpeg']",nan,false,,13,3,1,91,"{'children': '0', 'elders': '0', 'female': '2', 'males': '1'}"
92,0,12.998711954543655,77.637653995402,5c30eee55c19950f4f585961,"['03.jpg', '04.jpg', '05.jpg', '06.jpeg', '07.jpeg', '08.jpeg', '09.jpeg', '010.jpeg', '011.jpeg', '012.jpeg', '013.jpeg']",nan,false,,13,5,2,92,"{'children': '1', 'elders': '0', 'female': '2', 'males': '2'}"
93,0,13.009241508042743,77.63539126995863,5c30eee65c19950f4f585962,"['03.jpg', '04.jpg', '05.jpg', '06.jpeg', '07.jpeg', '08.jpeg', '09.jpeg', '010.jpeg', '011.jpeg', '012.jpeg', '013.jpeg']",nan,false,,13,3,1,93,"{'children': '0', 'elders': '0', 'female': '1', 'males': '2'}"
94,0,13.017309754241849,77.63500831056112,5c30eee65c19950f4f585963,"['03.jpg', '04.jpg', '05.jpg', '06.jpeg', '07.jpeg', '08.jpeg', '09.jpeg', '010.jpeg', '011.jpeg', '012.jpeg', '013.jpeg']",nan,false,,13,5,2,94,"{'children': '1', 'elders': '1', 'female': '3', 'males': '0'}"
95,0,13.000976055613954,77.63585870579331,5c30eee75c19950f4f585964,"['03.jpg', '04.jpg', '05.jpg', '06.jpeg', '07.jpeg', '08.jpeg', '09.jpeg', '010.jpeg', '011.jpeg', '012.jpeg', '013.jpeg']",nan,false,,13,3,1,95,"{'children': '1', 'elders': '1', 'female': '1', 'males': '0'}"
96,0,12.99758555857898,77.64087350279065,5c30eee85c19950f4f585965,"['03.jpg', '04.jpg', '05.jpg', '06.jpeg', '07.jpeg', '08.jpeg', '09.jpeg', '010.jpeg', '011.jpeg', '012.jpeg', '013.jpeg']",nan,false,,13,8,2,96,"{'children': '2', 'elders': '1', 'female': '0', 'males': '5'}"
97,0,13.00161826835762,77.64095555706325,5c30eee85c19950f4f585966,"['03.jpg', '04.jpg', '05.jpg', '06.jpeg', '07.jpeg', '08.jpeg', '09.jpeg', '010.jpeg', '011.jpeg', '012.jpeg', '013.jpeg']",nan,false,,13,6,2,97,"{'children': '1', 'elders': '0', 'female': '1', 'males': '4'}"
98,0,13.001373065306476,77.63377738405092,5c30eee95c19950f4f585967,"['03.jpg', '04.jpg', '05.jpg', '06.jpeg', '07.jpeg', '08.jpeg', '09.jpeg', '010.jpeg', '011.jpeg', '012.jpeg', '013.jpeg']",nan,false,,13,3,1,98,"{'children': '0', 'elders': '1', 'female': '2', 'males': '0'}"
99,0,13.008253960304804,77.62530940214553,5c30eee95c19950f4f585968,"['03.jpg', '04.jpg', '05.jpg', '06.jpeg', '07.jpeg', '08.jpeg', '09.jpeg', '010.jpeg', '011.jpeg', '012.jpeg', '013.jpeg']",nan,false,,13,5,2,99,"{'children': '1', 'elders': '1', 'female': '3', 'males': '0'}"
100,0,12.999643410248039,77.64093817250685,5c30eee95c19950f4f585969,"['03.jpg', '04.jpg', '05.jpg', '06.jpeg', '07.jpeg', '08.jpeg', '09.jpeg', '010.jpeg', '011.jpeg', '012.jpeg', '013.jpeg']",nan,false,,13,4,1,100,"{'children': '2', 'elders': '0', 'female': '0', 'males': '2'}"
101,0,13.01594601466266,77.63060356171533,5c30eeea5c19950f4f58596a,"['03.jpg', '04.jpg', '05.jpg', '06.jpeg', '07.jpeg', '08.jpeg', '09.jpeg', '010.jpeg', '011.jpeg', '012.jpeg', '013.jpeg']",nan,false,,13,4,1,101,"{'children': '1', 'elders': '1', 'female': '0', 'males': '2'}"
102,0,12.998729090854964,77.63665265183155,5c30eeea5c19950f4f58596b,"['03.jpg', '04.jpg', '05.jpg', '06.jpeg', '07.jpeg', '08.jpeg', '09.jpeg', '010.jpeg', '011.jpeg', '012.jpeg', '013.jpeg']",nan,false,,13,4,1,102,"{'children': '0', 'elders': '0', 'female': '0', 'males': '4'}"
103,0,13.008940310329669,77.6300501077053,5c30eeea5c19950f4f58596c,"['03.jpg', '04.jpg', '05.jpg', '06.jpeg', '07.jpeg', '08.jpeg', '09.jpeg', '010.jpeg', '011.jpeg', '012.jpeg', '013.jpeg']",nan,false,,13,5,2,103,"{'children': '1', 'elders': '0', 'female': '2', 'males': '2'}"
104,0,13.009970760182965,77.62979604048728,5c30eeeb5c19950f4f58596d,"['03.jpg', '04.jpg', '05.jpg', '06.jpeg', '07.jpeg', '08.jpeg', '09.jpeg', '010.jpeg', '011.jpeg', '012.jpeg', '013.jpeg']",nan,false,,13,5,2,104,"{'children': '1', 'elders': '1', 'female': '3', 'males': '0'}"
105,0,13.011606088342333,77.63055229434106,5c30eeeb5c19950f4f58596e,"['03.jpg', '04.jpg', '05.jpg', '06.jpeg', '07.jpeg', '08.jpeg', '09.jpeg', '010.jpeg', '011.jpeg', '012.jpeg', '013.jpeg']",nan,false,,13,5,2,105,"{'children': '2', 'elders': '1', 'female': '2', 'males': '0'}"
106,0,13.012623581697676,77.62995723153759,5c30eeec5c19950f4f58596f,"['03.jpg', '04.jpg', '05.jpg', '06.jpeg', '07.jpeg', '08.jpeg', '09.jpeg', '010.jpeg', '011.jpeg', '012.jpeg', '013.jpeg']",nan,false,,13,7,2,106,"{'children': '2', 'elders': '1', 'female': '1', 'males': '3'}"
107,0,12.9237717313792,77.4632232608339,5c30eeec5c19950f4f585970,"['03.jpg', '04.jpg', '05.jpg', '06.jpeg', '07.jpeg', '08.jpeg', '09.jpeg', '010.jpeg', '011.jpeg', '012.jpeg', '013.jpeg']",nan,true,,13,8,0,107,"{'children': '2', 'elders': '0', 'female': '2', 'males': '4'}"
108,0,12.932177875756409,77.4640173959634,5c30eeed5c19950f4f585971,"['03.jpg', '04.jpg', '05.jpg', '06.jpeg', '07.jpeg', '08.jpeg', '09.jpeg', '010.jpeg', '011.jpeg', '012.jpeg', '013.jpeg']",nan,true,,13,4,0,108,"{'children': '2', 'elders': '0', 'female': '1', 'males': '1'}"
109,0,12.924081394422196,77.46758916078348,5c30eeee5c19950f4f585972,"['03.jpg', '04.jpg', '05.jpg', '06.jpeg', '07.jpeg', '08.jpeg', '09.jpeg', '010.jpeg', '011.jpeg', '012.jpeg', '013.jpeg']",nan,true,,13,2,0,109,"{'children': '1', 'elders': '0', 'female': '0', 'males': '1'}"
110,0,12.931040355977025,77.46731114825587,5c30eeee5c19950f4f585973,"['03.jpg', '04.jpg', '05.jpg', '06.jpeg', '07.jpeg', '08.jpeg', '09.jpeg', '010.jpeg', '011.jpeg', '012.jpeg', '013.jpeg']",nan,true,,13,4,0,110,"{'children': '0', 'elders': '1', 'female': '3', 'males': '0'}"
111,0,12.926696950296972,77.46568308752235,5c30eeee5c19950f4f585974,"['03.jpg', '04.jpg', '05.jpg', '06.jpeg', '07.jpeg', '08.jpeg', '09.jpeg', '010.jpeg', '011.jpeg', '012.jpeg', '013.jpeg']",nan,true,,13,7,0,111,"{'children': '1', 'elders': '1', 'female': '1', 'males': '4'}"
112,0,12.927973317012984,77.46835722728085,5c30eeef5c19950f4f585975,"['03.jpg', '04.jpg', '05.jpg', '06.jpeg', '07.jpeg', '08.jpeg', '09.jpeg', '010.jpeg', '011.jpeg', '012.jpeg', '013.jpeg']",nan,true,,13,8,0,112,"{'children': '2', 'elders': '1', 'female': '1', 'males': '4'}"
113,0,12.930902509260132,77.47022016609948,5c30eeef5c19950f4f585976,"['03.jpg', '04.jpg', '05.jpg', '06.jpeg', '07.jpeg', '08.jpeg', '09.jpeg', '010.jpeg', '011.jpeg', '012.jpeg', '013.jpeg']",nan,true,,13,5,0,113,"{'children': '0', 'elders': '1', 'female': '2', 'males': '2'}"
114,0,12.942371422678086,77.46540163005605,5c30eef05c19950f4f585977,"['03.jpg', '04.jpg', '05.jpg', '06.jpeg', '07.jpeg', '08.jpeg', '09.jpeg', '010.jpeg', '011.jpeg', '012.jpeg', '013.jpeg']",nan,true,,13,4,0,114,"{'children': '1', 'elders': '0', 'female': '1', 'males': '2'}"
115,0,12.926830964528735,77.4632736093458,5c30eef15c19950f4f585978,"['03.jpg', '04.jpg', '05.jpg', '06.jpeg', '07.jpeg', '08.jpeg', '09.jpeg', '010.jpeg', '011.jpeg', '012.jpeg', '013.jpeg']",nan,true,,13,8,0,115,"{'children': '2', 'elders': '1', 'female': '3', 'males': '2'}"
116,0,12.934282579619687,77.47175258649784,5c30eef15c19950f4f585979,"['03.jpg', '04.jpg', '05.jpg', '06.jpeg', '07.jpeg', '08.jpeg', '09.jpeg', '010.jpeg', '011.jpeg', '012.jpeg', '013.jpeg']",nan,true,,13,4,0,116,"{'children': '0', 'elders': '1', 'female': '0', 'males': '3'}"
117,0,12.935028513225506,77.47234571658413,5c30eef25c19950f4f58597a,"['03.jpg', '04.jpg', '05.jpg', '06.jpeg', '07.jpeg', '08.jpeg', '09.jpeg', '010.jpeg', '011.jpeg', '012.jpeg', '013.jpeg']",nan,true,,13,8,0,117,"{'children': '2', 'elders': '1', 'female': '1', 'males': '4'}"
118,0,12.93861391546788,77.46191583219004,5c30eef25c19950f4f58597b,"['03.jpg', '04.jpg', '05.jpg', '06.jpeg', '07.jpeg', '08.jpeg', '09.jpeg', '010.jpeg', '011.jpeg', '012.jpeg', '013.jpeg']",nan,true,,13,3,0,118,"{'children': '2', 'elders': '0', 'female': '0', 'males': '1'}"
119,0,12.934192416000162,77.46564425951875,5c30eef25c19950f4f58597c,"['03.jpg', '04.jpg', '05.jpg', '06.jpeg', '07.jpeg', '08.jpeg', '09.jpeg', '010.jpeg', '011.jpeg', '012.jpeg', '013.jpeg']",nan,true,,13,6,0,119,"{'children': '0', 'elders': '1', 'female': '0', 'males': '5'}"
120,0,12.942559685051643,77.46740195450519,5c30eef35c19950f4f58597d,"['03.jpg', '04.jpg', '05.jpg', '06.jpeg', '07.jpeg', '08.jpeg', '09.jpeg', '010.jpeg', '011.jpeg', '012.jpeg', '013.jpeg']",nan,true,,13,6,0,120,"{'children': '2', 'elders': '0', 'female': '2', 'males': '2'}"
121,0,12.928189905258147,77.46576609685498,5c30eef35c19950f4f58597e,"['03.jpg', '04.jpg', '05.jpg', '06.jpeg', '07.jpeg', '08.jpeg', '09.jpeg', '010.jpeg', '011.jpeg', '012.jpeg', '013.jpeg']",nan,true,,13,3,0,121,"{'children': '0', 'elders': '0', 'female': '2', 'males': '1'}"
122,0,12.936486275340636,77.46672853040809,5c30eef45c19950f4f58597f,"['03.jpg', '04.jpg', '05.jpg', '06.jpeg', '07.jpeg', '08.jpeg', '09.jpeg', '010.jpeg', '011.jpeg', '012.jpeg', '013.jpeg']",nan,true,,13,4,0,122,"{'children': '2', 'elders': '1', 'female': '0', 'males': '1'}"
123,0,12.92472260226688,77.46176086224449,5c30eef45c19950f4f585980,"['03.jpg', '04.jpg', '05.jpg', '06.jpeg', '07.jpeg', '08.jpeg', '09.jpeg', '010.jpeg', '011.jpeg', '012.jpeg', '013.jpeg']",nan,true,,13,4,0,123,"{'children': '1', 'elders': '0', 'female': '0', 'males': '3'}"
124,0,12.931648798791892,77.46534335639974,5c30eef45c19950f4f585981,"['03.jpg', '04.jpg', '05.jpg', '06.jpeg', '07.jpeg', '08.jpeg', '09.jpeg', '010.jpeg', '011.jpeg', '012.jpeg', '013.jpeg']",nan,true,,13,10,0,124,"{'children': '2', 'elders': '1', 'female': '3', 'males': '4'}"
125,0,12.928416189229585,77.46971996360975,5c30eef55c19950f4f585982,"['03.jpg', '04.jpg', '05.jpg', '06.jpeg', '07.jpeg', '08.jpeg', '09.jpeg', '010.jpeg', '011.jpeg', '012.jpeg', '013.jpeg']",nan,true,,13,3,0,125,"{'children': '0', 'elders': '1', 'female': '0', 'males': '2'}"
126,0,12.933298739125302,77.47157870243257,5c30eef55c19950f4f585983,"['03.jpg', '04.jpg', '05.jpg', '06.jpeg', '07.jpeg', '08.jpeg', '09.jpeg', '010.jpeg', '011.jpeg', '012.jpeg', '013.jpeg']",nan,true,,13,4,0,126,"{'children': '2', 'elders': '0', 'female': '2', 'males': '0'}"
127,0,12.937287344720087,77.46652127012794,5c30eef65c19950f4f585984,"['03.jpg', '04.jpg', '05.jpg', '06.jpeg', '07.jpeg', '08.jpeg', '09.jpeg', '010.jpeg', '011.jpeg', '012.jpeg', '013.jpeg']",nan,true,,13,5,0,127,"{'children': '2', 'elders': '0', 'female': '1', 'males': '2'}"
128,0,12.940136679328573,77.46491186474059,5c30eef65c19950f4f585985,"['03.jpg', '04.jpg', '05.jpg', '06.jpeg', '07.jpeg', '08.jpeg', '09.jpeg', '010.jpeg', '011.jpeg', '012.jpeg', '013.jpeg']",nan,true,,13,4,0,128,"{'children': '1', 'elders': '0', 'female': '2', 'males': '1'}"
129,0,12.930195421566589,77.46685651101367,5c30eef65c19950f4f585986,"['03.jpg', '04.jpg', '05.jpg', '06.jpeg', '07.jpeg', '08.jpeg', '09.jpeg', '010.jpeg', '011.jpeg', '012.jpeg', '013.jpeg']",nan,true,,13,2,0,129,"{'children': '1', 'elders': '1', 'female': '0', 'males': '0'}"
130,0,12.937951879048345,77.46453949419916,5c30eef75c19950f4f585987,"['03.jpg', '04.jpg', '05.jpg', '06.jpeg', '07.jpeg', '08.jpeg', '09.jpeg', '010.jpeg', '011.jpeg', '012.jpeg', '013.jpeg']",nan,true,,13,10,0,130,"{'children': '2', 'elders': '0', 'female': '3', 'males': '5'}"
131,0,12.932955142534313,77.4714813072013,5c30eef75c19950f4f585988,"['03.jpg', '04.jpg', '05.jpg', '06.jpeg', '07.jpeg', '08.jpeg', '09.jpeg', '010.jpeg', '011.jpeg', '012.jpeg', '013.jpeg']",nan,true,,13,7,0,131,"{'children': '1', 'elders': '0', 'female': '2', 'males': '4'}"
132,0,12.931037905848058,77.4712585915518,5c30eef85c19950f4f585989,"['03.jpg', '04.jpg', '05.jpg', '06.jpeg', '07.jpeg', '08.jpeg', '09.jpeg', '010.jpeg', '011.jpeg', '012.jpeg', '013.jpeg']",nan,true,,13,8,0,132,"{'children': '1', 'elders': '0', 'female': '2', 'males': '5'}"
133,0,12.924880671337776,77.4669883897867,5c30eef85c19950f4f58598a,"['03.jpg', '04.jpg', '05.jpg', '06.jpeg', '07.jpeg', '08.jpeg', '09.jpeg', '010.jpeg', '011.jpeg', '012.jpeg', '013.jpeg']",nan,true,,13,6,0,133,"{'children': '2', 'elders': '0', 'female': '3', 'males': '1'}"
134,0,12.941999057985747,77.46487901813437,5c30eef85c19950f4f58598b,"['03.jpg', '04.jpg', '05.jpg', '06.jpeg', '07.jpeg', '08.jpeg', '09.jpeg', '010.jpeg', '011.jpeg', '012.jpeg', '013.jpeg']",nan,true,,13,3,0,134,"{'children': '1', 'elders': '1', 'female': '0', 'males': '1'}"
135,0,12.923993449867474,77.46681620965884,5c30eef95c19950f4f58598c,"['03.jpg', '04.jpg', '05.jpg', '06.jpeg', '07.jpeg', '08.jpeg', '09.jpeg', '010.jpeg', '011.jpeg', '012.jpeg', '013.jpeg']",nan,true,,13,5,0,135,"{'children': '1', 'elders': '1', 'female': '1', 'males': '2'}"
136,0,12.934231844634626,77.46441203335323,5c30eef95c19950f4f58598d,"['03.jpg', '04.jpg', '05.jpg', '06.jpeg', '07.jpeg', '08.jpeg', '09.jpeg', '010.jpeg', '011.jpeg', '012.jpeg', '013.jpeg']",nan,true,,13,10,0,136,"{'children': '2', 'elders': '0', 'female': '3', 'males': '5'}"
137,0,13.014917169112868,77.49337871630203,5c30eefa5c19950f4f58598e,"['03.jpg', '04.jpg', '05.jpg', '06.jpeg', '07.jpeg', '08.jpeg', '09.jpeg', '010.jpeg', '011.jpeg', '012.jpeg', '013.jpeg']",nan,false,,13,5,2,137,"{'children': '2', 'elders': '0', 'female': '3', 'males': '0'}"
138,0,13.008964616317384,77.49618352193093,5c30eefa5c19950f4f58598f,"['03.jpg', '04.jpg', '05.jpg', '06.jpeg', '07.jpeg', '08.jpeg', '09.jpeg', '010.jpeg', '011.jpeg', '012.jpeg', '013.jpeg']",nan,false,,13,5,2,138,"{'children': '1', 'elders': '0', 'female': '3', 'males': '1'}"
139,0,13.011572178959662,77.49622397341398,5c30eefa5c19950f4f585990,"['03.jpg', '04.jpg', '05.jpg', '06.jpeg', '07.jpeg', '08.jpeg', '09.jpeg', '010.jpeg', '011.jpeg', '012.jpeg', '013.jpeg']",nan,false,,13,7,2,139,"{'children': '1', 'elders': '0', 'female': '2', 'males': '4'}"
140,0,13.011238457833347,77.50022077081826,5c30eefb5c19950f4f585991,"['03.jpg', '04.jpg', '05.jpg', '06.jpeg', '07.jpeg', '08.jpeg', '09.jpeg', '010.jpeg', '011.jpeg', '012.jpeg', '013.jpeg']",nan,false,,13,7,2,140,"{'children': '1', 'elders': '0', 'female': '3', 'males': '3'}"
141,0,13.013608966611352,77.496686255709,5c30eefb5c19950f4f585992,"['03.jpg', '04.jpg', '05.jpg', '06.jpeg', '07.jpeg', '08.jpeg', '09.jpeg', '010.jpeg', '011.jpeg', '012.jpeg', '013.jpeg']",nan,false,,13,6,2,141,"{'children': '1', 'elders': '0', 'female': '3', 'males': '2'}"
142,0,13.013448662370925,77.49779848797715,5c30eefc5c19950f4f585993,"['03.jpg', '04.jpg', '05.jpg', '06.jpeg', '07.jpeg', '08.jpeg', '09.jpeg', '010.jpeg', '011.jpeg', '012.jpeg', '013.jpeg']",nan,false,,13,6,2,142,"{'children': '2', 'elders': '1', 'female': '3', 'males': '0'}"
143,0,13.008224872464108,77.49959879914178,5c30eefc5c19950f4f585994,"['03.jpg', '04.jpg', '05.jpg', '06.jpeg', '07.jpeg', '08.jpeg', '09.jpeg', '010.jpeg', '011.jpeg', '012.jpeg', '013.jpeg']",nan,false,,13,6,2,143,"{'children': '2', 'elders': '0', 'female': '3', 'males': '1'}"
144,0,13.010863432811927,77.49719583848601,5c30eefd5c19950f4f585995,"['03.jpg', '04.jpg', '05.jpg', '06.jpeg', '07.jpeg', '08.jpeg', '09.jpeg', '010.jpeg', '011.jpeg', '012.jpeg', '013.jpeg']",nan,false,,13,5,2,144,"{'children': '0', 'elders': '0', 'female': '3', 'males': '2'}"
145,0,13.010331484550752,77.49955936798801,5c30eefd5c19950f4f585996,"['03.jpg', '04.jpg', '05.jpg', '06.jpeg', '07.jpeg', '08.jpeg', '09.jpeg', '010.jpeg', '011.jpeg', '012.jpeg', '013.jpeg']",nan,false,,13,5,2,145,"{'children': '2', 'elders': '0', 'female': '3', 'males': '0'}"
146,0,13.011452065949252,77.49586710400924,5c30eefe5c19950f4f585997,"['03.jpg', '04.jpg', '05.jpg', '06.jpeg', '07.jpeg', '08.jpeg', '09.jpeg', '010.jpeg', '011.jpeg', '012.jpeg', '013.jpeg']",nan,false,,13,1,0,146,"{'children': '0', 'elders': '0', 'female': '1', 'males': '0'}"
147,0,13.012754681770456,77.49619737136193,5c30eefe5c19950f4f585998,"['03.jpg', '04.jpg', '05.jpg', '06.jpeg', '07.jpeg', '08.jpeg', '09.jpeg', '010.jpeg', '011.jpeg', '012.jpeg', '013.jpeg']",nan,false,,13,4,1,147,"{'children': '1', 'elders': '0', 'female': '2', 'males': '1'}"
148,0,13.012482835525685,77.49362763859256,5c30eeff5c19950f4f585999,"['03.jpg', '04.jpg', '05.jpg', '06.jpeg', '07.jpeg', '08.jpeg', '09.jpeg', '010.jpeg', '011.jpeg', '012.jpeg', '013.jpeg']",nan,false,,13,4,1,148,"{'children': '1', 'elders': '1', 'female': '2', 'males': '0'}"
149,0,13.012442775004285,77.49421655945912,5c30eeff5c19950f4f58599a,"['03.jpg', '04.jpg', '05.jpg', '06.jpeg', '07.jpeg', '08.jpeg', '09.jpeg', '010.jpeg', '011.jpeg', '012.jpeg', '013.jpeg']",nan,false,,13,9,2,149,"{'children': '1', 'elders': '1', 'female': '3', 'males': '4'}"
150,0,13.065657373631842,77.79422811781028,5c30ef005c19950f4f58599b,"['03.jpg', '04.jpg', '05.jpg', '06.jpeg', '07.jpeg', '08.jpeg', '09.jpeg', '010.jpeg', '011.jpeg', '012.jpeg', '013.jpeg']",nan,false,,13,9,2,150,"{'children': '0', 'elders': '1', 'female': '3', 'males': '5'}"
151,0,13.069486198202595,77.78898219739433,5c30ef005c19950f4f58599c,"['03.jpg', '04.jpg', '05.jpg', '06.jpeg', '07.jpeg', '08.jpeg', '09.jpeg', '010.jpeg', '011.jpeg', '012.jpeg', '013.jpeg']",nan,false,,13,2,0,151,"{'children': '1', 'elders': '0', 'female': '1', 'males': '0'}"
152,0,13.067131652628966,77.79452119279202,5c30ef015c19950f4f58599d,"['03.jpg', '04.jpg', '05.jpg', '06.jpeg', '07.jpeg', '08.jpeg', '09.jpeg', '010.jpeg', '011.jpeg', '012.jpeg', '013.jpeg']",nan,false,,13,5,2,152,"{'children': '1', 'elders': '1', 'female': '1', 'males': '2'}"
153,0,13.071066683140176,77.78833511000408,5c30ef015c19950f4f58599e,"['03.jpg', '04.jpg', '05.jpg', '06.jpeg', '07.jpeg', '08.jpeg', '09.jpeg', '010.jpeg', '011.jpeg', '012.jpeg', '013.jpeg']",nan,false,,13,4,1,153,"{'children': '0', 'elders': '1', 'female': '1', 'males': '2'}"
154,0,13.064444166437536,77.7990785489812,5c30ef025c19950f4f58599f,"['03.jpg', '04.jpg', '05.jpg', '06.jpeg', '07.jpeg', '08.jpeg', '09.jpeg', '010.jpeg', '011.jpeg', '012.jpeg', '013.jpeg']",nan,false,,13,4,1,154,"{'children': '2', 'elders': '0', 'female': '2', 'males': '0'}"
155,0,13.067554150105405,77.79445169782987,5c30ef025c19950f4f5859a0,"['03.jpg', '04.jpg', '05.jpg', '06.jpeg', '07.jpeg', '08.jpeg', '09.jpeg', '010.jpeg', '011.jpeg', '012.jpeg', '013.jpeg']",nan,false,,13,6,2,155,"{'children': '2', 'elders': '1', 'female': '2', 'males': '1'}"
156,0,13.065747085144407,77.7899479106362,5c30ef035c19950f4f5859a1,"['03.jpg', '04.jpg', '05.jpg', '06.jpeg', '07.jpeg', '08.jpeg', '09.jpeg', '010.jpeg', '011.jpeg', '012.jpeg', '013.jpeg']",nan,false,,13,6,2,156,"{'children': '1', 'elders': '1', 'female': '3', 'males': '1'}"
157,0,13.067618852230813,77.79701274065648,5c30ef035c19950f4f5859a2,"['03.jpg', '04.jpg', '05.jpg', '06.jpeg', '07.jpeg', '08.jpeg', '09.jpeg', '010.jpeg', '011.jpeg', '012.jpeg', '013.jpeg']",nan,false,,13,5,2,157,"{'children': '1', 'elders': '0', 'female': '2', 'males': '2'}"
158,0,13.07355302484441,77.78915447931483,5c30ef045c19950f4f5859a3,"['03.jpg', '04.jpg', '05.jpg', '06.jpeg', '07.jpeg', '08.jpeg', '09.jpeg', '010.jpeg', '011.jpeg', '012.jpeg', '013.jpeg']",nan,false,,13,4,1,158,"{'children': '0', 'elders': '1', 'female': '1', 'males': '2'}"
159,0,13.063539428310685,77.79362281327562,5c30ef045c19950f4f5859a4,"['03.jpg', '04.jpg', '05.jpg', '06.jpeg', '07.jpeg', '08.jpeg', '09.jpeg', '010.jpeg', '011.jpeg', '012.jpeg', '013.jpeg']",nan,false,,13,4,1,159,"{'children': '1', 'elders': '1', 'female': '0', 'males': '2'}"
160,0,13.069243123951773,77.79909176842425,5c30ef055c19950f4f5859a5,"['03.jpg', '04.jpg', '05.jpg', '06.jpeg', '07.jpeg', '08.jpeg', '09.jpeg', '010.jpeg', '011.jpeg', '012.jpeg', '013.jpeg']",nan,false,,13,2,0,160,"{'children': '1', 'elders': '0', 'female': '1', 'males': '0'}"
161,0,13.067568248516205,77.79026425396455,5c30ef055c19950f4f5859a6,"['03.jpg', '04.jpg', '05.jpg', '06.jpeg', '07.jpeg', '08.jpeg', '09.jpeg', '010.jpeg', '011.jpeg', '012.jpeg', '013.jpeg']",nan,false,,13,4,1,161,"{'children': '0', 'elders': '0', 'female': '1', 'males': '3'}"
162,0,13.067876758386314,77.79246960863495,5c30ef065c19950f4f5859a7,"['03.jpg', '04.jpg', '05.jpg', '06.jpeg', '07.jpeg', '08.jpeg', '09.jpeg', '010.jpeg', '011.jpeg', '012.jpeg', '013.jpeg']",nan,false,,13,6,2,162,"{'children': '1', 'elders': '1', 'female': '1', 'males': '3'}"
163,0,13.070553983711653,77.79136222294942,5c30ef065c19950f4f5859a8,"['03.jpg', '04.jpg', '05.jpg', '06.jpeg', '07.jpeg', '08.jpeg', '09.jpeg', '010.jpeg', '011.jpeg', '012.jpeg', '013.jpeg']",nan,false,,13,6,2,163,"{'children': '2', 'elders': '0', 'female': '3', 'males': '1'}"
164,0,13.064391385371675,77.79924306424827,5c30ef075c19950f4f5859a9,"['03.jpg', '04.jpg', '05.jpg', '06.jpeg', '07.jpeg', '08.jpeg', '09.jpeg', '010.jpeg', '011.jpeg', '012.jpeg', '013.jpeg']",nan,false,,13,5,2,164,"{'children': '0', 'elders': '1', 'female': '2', 'males': '2'}"
165,0,13.068416891274286,77.79949948799941,5c30ef075c19950f4f5859aa,"['03.jpg', '04.jpg', '05.jpg', '06.jpeg', '07.jpeg', '08.jpeg', '09.jpeg', '010.jpeg', '011.jpeg', '012.jpeg', '013.jpeg']",nan,false,,13,8,2,165,"{'children': '2', 'elders': '1', 'female': '0', 'males': '5'}"
166,0,13.06647049056246,77.79784133598555,5c30ef085c19950f4f5859ab,"['03.jpg', '04.jpg', '05.jpg', '06.jpeg', '07.jpeg', '08.jpeg', '09.jpeg', '010.jpeg', '011.jpeg', '012.jpeg', '013.jpeg']",nan,false,,13,4,1,166,"{'children': '0', 'elders': '1', 'female': '0', 'males': '3'}"
167,0,-34.0813401305484,150.765392330498,5c5fd49c5c19951f8a287852,"['03.jpg', '04.jpg', '05.jpg', '06.jpeg', '07.jpeg', '08.jpeg', '09.jpeg', '010.jpeg', '011.jpeg', '012.jpeg', '013.jpeg', '014.jpg', '015.jpg', '016.jpg', '017.jpg', '018.jpg', '019.jpg', '020.jpg', '021.jpg', '022.jpg', '023.jpg', '024.jpg', '025.jpg', '026.jpg', '027.jpg', '028.png', '029.png', '030.png', '031.png', '032.png', '033.png', '034.png', '035.png', '036.png', '037.png', '038.png', '039.png', '040.jpg', '041.jpg', '042.jpg']",https://rvsafeimages.blob.core.windows.net/imagescontainer/0facial.jpg,false,"{'name': 'Shubham', 'blood': 'A+', 'height': '1.75', 'weight': '90', 'medical_condition': 'Asthama', 'allergy': 'Pollen Grains', 'notes': 'Contact Xyz'}",42,3,1,0,"{'children': 0, 'elders': 0, 'female': 0, 'males': 3}"
168,4,-34.083704287557396,150.770474983089,5c5fd49c5c19951f8a287853,"['03.jpg', '04.jpg', '05.jpg', '06.jpeg', '07.jpeg', '08.jpeg', '09.jpeg', '010.jpeg', '011.jpeg', '012.jpeg', '013.jpeg']",nan,Safe,nan,13,9,0,1,"{'children': '2', 'elders': '0', 'female': '3', 'males': '1'}"
169,0,-34.085905363914,150.768882843614,5c5fd49c5c19951f8a287854,"['03.jpg', '04.jpg', '05.jpg', '06.jpeg', '07.jpeg', '08.jpeg', '09.jpeg', '010.jpeg', '011.jpeg', '012.jpeg', '013.jpeg']",nan,true,nan,13,5,0,2,"{'children': '0', 'elders': '1', 'female': '3', 'males': '1'}"
170,0,-34.0977671351757,150.772062353127,5c5fd49d5c19951f8a287855,"['03.jpg', '04.jpg', '05.jpg', '06.jpeg', '07.jpeg', '08.jpeg', '09.jpeg', '010.jpeg', '011.jpeg', '012.jpeg', '013.jpeg']",nan,true,nan,13,2,0,3,"{'children': '0', 'elders': '0', 'female': '1', 'males': '1'}"
171,0,-34.0805249141147,150.77198014063802,5c5fd49d5c19951f8a287856,"['03.jpg', '04.jpg', '05.jpg', '06.jpeg', '07.jpeg', '08.jpeg', '09.jpeg', '010.jpeg', '011.jpeg', '012.jpeg', '013.jpeg']",nan,true,nan,13,4,0,4,"{'children': '1', 'elders': '0', 'female': '3', 'males': '0'}"
172,0,-34.0853100713473,150.76868736081002,5c5fd49d5c19951f8a287857,"['03.jpg', '04.jpg', '05.jpg', '06.jpeg', '07.jpeg', '08.jpeg', '09.jpeg', '010.jpeg', '011.jpeg', '012.jpeg', '013.jpeg']",nan,true,nan,13,5,0,5,"{'children': '2', 'elders': '1', 'female': '2', 'males': '0'}"
173,0,-34.0814749040808,150.770634002643,5c5fd49d5c19951f8a287858,"['03.jpg', '04.jpg', '05.jpg', '06.jpeg', '07.jpeg', '08.jpeg', '09.jpeg', '010.jpeg', '011.jpeg', '012.jpeg', '013.jpeg']",nan,true,nan,13,9,0,6,"{'children': '2', 'elders': '1', 'female': '2', 'males': '4'}"
174,0,-34.0815081363934,150.761150816824,5c5fd49d5c19951f8a287859,"['03.jpg', '04.jpg', '05.jpg', '06.jpeg', '07.jpeg', '08.jpeg', '09.jpeg', '010.jpeg', '011.jpeg', '012.jpeg', '013.jpeg']",nan,true,nan,13,9,0,7,"{'children': '1', 'elders': '0', 'female': '3', 'males': '5'}"
175,0,-34.0967788657075,150.76953115047,5c5fd49d5c19951f8a28785a,"['03.jpg', '04.jpg', '05.jpg', '06.jpeg', '07.jpeg', '08.jpeg', '09.jpeg', '010.jpeg', '011.jpeg', '012.jpeg', '013.jpeg']",nan,true,nan,13,3,0,8,"{'children': '0', 'elders': '0', 'female': '2', 'males': '1'}"
176,0,-34.0857041328387,150.76591998996798,5c5fd49d5c19951f8a28785b,"['03.jpg', '04.jpg', '05.jpg', '06.jpeg', '07.jpeg', '08.jpeg', '09.jpeg', '010.jpeg', '011.jpeg', '012.jpeg', '013.jpeg']",nan,true,nan,13,3,0,9,"{'children': '0', 'elders': '1', 'female': '0', 'males': '2'}"
177,0,-34.0878584906025,150.76744531969499,5c5fd49d5c19951f8a28785c,"['03.jpg', '04.jpg', '05.jpg', '06.jpeg', '07.jpeg', '08.jpeg', '09.jpeg', '010.jpeg', '011.jpeg', '012.jpeg', '013.jpeg']",nan,true,nan,13,5,0,10,"{'children': '0', 'elders': '1', 'female': '3', 'males': '1'}"
178,0,-34.0824197633341,150.762614305668,5c5fd49d5c19951f8a28785d,"['03.jpg', '04.jpg', '05.jpg', '06.jpeg', '07.jpeg', '08.jpeg', '09.jpeg', '010.jpeg', '011.jpeg', '012.jpeg', '013.jpeg']",nan,true,nan,13,10,0,11,"{'children': '1', 'elders': '1', 'female': '3', 'males': '5'}"
179,0,-34.0872209294431,150.768344336768,5c5fd49d5c19951f8a28785e,"['03.jpg', '04.jpg', '05.jpg', '06.jpeg', '07.jpeg', '08.jpeg', '09.jpeg', '010.jpeg', '011.jpeg', '012.jpeg', '013.jpeg']",nan,false,nan,13,4,1,12,"{'children': '0', 'elders': '1', 'female': '3', 'males': '0'}"
180,0,-34.086988707839396,150.76812438627502,5c5fd49d5c19951f8a28785f,"['03.jpg', '04.jpg', '05.jpg', '06.jpeg', '07.jpeg', '08.jpeg', '09.jpeg', '010.jpeg', '011.jpeg', '012.jpeg', '013.jpeg']",nan,false,nan,13,9,2,13,"{'children': '1', 'elders': '1', 'female': '2', 'males': '5'}"
181,0,-34.0832906982835,150.764221063678,5c5fd49d5c19951f8a287860,"['03.jpg', '04.jpg', '05.jpg', '06.jpeg', '07.jpeg', '08.jpeg', '09.jpeg', '010.jpeg', '011.jpeg', '012.jpeg', '013.jpeg']",nan,false,nan,13,5,2,14,"{'children': '0', 'elders': '0', 'female': '2', 'males': '3'}"
182,0,-34.0908561823341,150.76736965249202,5c5fd49d5c19951f8a287861,"['03.jpg', '04.jpg', '05.jpg', '06.jpeg', '07.jpeg', '08.jpeg', '09.jpeg', '010.jpeg', '011.jpeg', '012.jpeg', '013.jpeg']",nan,false,nan,13,6,2,15,"{'children': '2', 'elders': '1', 'female': '2', 'males': '1'}"
183,0,-34.0817668107016,150.76768155048902,5c5fd49d5c19951f8a287862,"['03.jpg', '04.jpg', '05.jpg', '06.jpeg', '07.jpeg', '08.jpeg', '09.jpeg', '010.jpeg', '011.jpeg', '012.jpeg', '013.jpeg']",nan,false,nan,13,6,2,16,"{'children': '0', 'elders': '0', 'female': '2', 'males': '4'}"
184,0,-34.0809907299794,150.76226705708598,5c5fd49d5c19951f8a287863,"['03.jpg', '04.jpg', '05.jpg', '06.jpeg', '07.jpeg', '08.jpeg', '09.jpeg', '010.jpeg', '011.jpeg', '012.jpeg', '013.jpeg']",nan,false,nan,13,7,2,17,"{'children': '2', 'elders': '0', 'female': '3', 'males': '2'}"
185,0,-34.0808577858804,150.76380488293,5c5fd49d5c19951f8a287864,"['03.jpg', '04.jpg', '05.jpg', '06.jpeg', '07.jpeg', '08.jpeg', '09.jpeg', '010.jpeg', '011.jpeg', '012.jpeg', '013.jpeg']",nan,false,nan,13,4,1,18,"{'children': '1', 'elders': '1', 'female': '0', 'males': '2'}"
186,0,-34.0813077724891,150.774367775509,5c5fd49d5c19951f8a287865,"['03.jpg', '04.jpg', '05.jpg', '06.jpeg', '07.jpeg', '08.jpeg', '09.jpeg', '010.jpeg', '011.jpeg', '012.jpeg', '013.jpeg']",nan,false,nan,13,5,2,19,"{'children': '2', 'elders': '1', 'female': '0', 'males': '2'}"
187,0,-34.0923502813513,150.769170584566,5c5fd49d5c19951f8a287866,"['03.jpg', '04.jpg', '05.jpg', '06.jpeg', '07.jpeg', '08.jpeg', '09.jpeg', '010.jpeg', '011.jpeg', '012.jpeg', '013.jpeg']",nan,false,nan,13,8,2,20,"{'children': '2', 'elders': '0', 'female': '1', 'males': '5'}"
188,0,-34.0882691206198,150.76810818412,5c5fd49d5c19951f8a287867,"['03.jpg', '04.jpg', '05.jpg', '06.jpeg', '07.jpeg', '08.jpeg', '09.jpeg', '010.jpeg', '011.jpeg', '012.jpeg', '013.jpeg']",nan,false,nan,13,7,2,21,"{'children': '2', 'elders': '0', 'female': '3', 'males': '2'}"
189,0,-33.6677213727842,150.93903203087402,5c5fd49d5c19951f8a287868,"['03.jpg', '04.jpg', '05.jpg', '06.jpeg', '07.jpeg', '08.jpeg', '09.jpeg', '010.jpeg', '011.jpeg', '012.jpeg', '013.jpeg']",nan,false,nan,13,5,2,22,"{'children': '1', 'elders': '1', 'female': '3', 'males': '0'}"
190,0,-33.675851105809606,150.937559067001,5c5fd49d5c19951f8a287869,"['03.jpg', '04.jpg', '05.jpg', '06.jpeg', '07.jpeg', '08.jpeg', '09.jpeg', '010.jpeg', '011.jpeg', '012.jpeg', '013.jpeg']",nan,true,nan,13,3,0,23,"{'children': '0', 'elders': '1', 'female': '1', 'males': '1'}"
191,0,-33.668460978122894,150.943648887005,5c5fd49d5c19951f8a28786a,"['03.jpg', '04.jpg', '05.jpg', '06.jpeg', '07.jpeg', '08.jpeg', '09.jpeg', '010.jpeg', '011.jpeg', '012.jpeg', '013.jpeg']",nan,true,nan,13,6,0,24,"{'children': '1', 'elders': '0', 'female': '2', 'males': '3'}"
192,0,-33.6679381086784,150.938132126413,5c5fd49d5c19951f8a28786b,"['03.jpg', '04.jpg', '05.jpg', '06.jpeg', '07.jpeg', '08.jpeg', '09.jpeg', '010.jpeg', '011.jpeg', '012.jpeg', '013.jpeg']",nan,true,nan,13,5,0,25,"{'children': '0', 'elders': '1', 'female': '0', 'males': '4'}"
193,0,-33.6741999426378,150.93391132392202,5c5fd49d5c19951f8a28786c,"['03.jpg', '04.jpg', '05.jpg', '06.jpeg', '07.jpeg', '08.jpeg', '09.jpeg', '010.jpeg', '011.jpeg', '012.jpeg', '013.jpeg']",nan,true,nan,13,4,0,26,"{'children': '1', 'elders': '0', 'female': '1', 'males': '2'}"
194,0,-33.6741317298729,150.935490337862,5c5fd49d5c19951f8a28786d,"['03.jpg', '04.jpg', '05.jpg', '06.jpeg', '07.jpeg', '08.jpeg', '09.jpeg', '010.jpeg', '011.jpeg', '012.jpeg', '013.jpeg']",nan,true,nan,13,4,0,27,"{'children': '1', 'elders': '0', 'female': '2', 'males': '1'}"
195,0,-33.671128875902,150.940393866211,5c5fd49d5c19951f8a28786e,"['03.jpg', '04.jpg', '05.jpg', '06.jpeg', '07.jpeg', '08.jpeg', '09.jpeg', '010.jpeg', '011.jpeg', '012.jpeg', '013.jpeg']",nan,true,nan,13,9,0,28,"{'children': '0', 'elders': '1', 'female': '3', 'males': '5'}"
196,0,-33.6739916656817,150.937599301159,5c5fd49d5c19951f8a28786f,"['03.jpg', '04.jpg', '05.jpg', '06.jpeg', '07.jpeg', '08.jpeg', '09.jpeg', '010.jpeg', '011.jpeg', '012.jpeg', '013.jpeg']",nan,true,nan,13,8,0,29,"{'children': '2', 'elders': '1', 'female': '0', 'males': '5'}"
197,0,-33.668441844764196,150.940147921328,5c5fd49d5c19951f8a287870,"['03.jpg', '04.jpg', '05.jpg', '06.jpeg', '07.jpeg', '08.jpeg', '09.jpeg', '010.jpeg', '011.jpeg', '012.jpeg', '013.jpeg']",nan,true,nan,13,7,0,30,"{'children': '1', 'elders': '1', 'female': '0', 'males': '5'}"
198,0,-33.669471211007,150.938880503804,5c5fd49d5c19951f8a287871,"['03.jpg', '04.jpg', '05.jpg', '06.jpeg', '07.jpeg', '08.jpeg', '09.jpeg', '010.jpeg', '011.jpeg', '012.jpeg', '013.jpeg']",nan,true,nan,13,8,0,31,"{'children': '2', 'elders': '1', 'female': '2', 'males': '3'}"
199,0,-33.667286406421,150.945109859806,5c5fd49d5c19951f8a287872,"['03.jpg', '04.jpg', '05.jpg', '06.jpeg', '07.jpeg', '08.jpeg', '09.jpeg', '010.jpeg', '011.jpeg', '012.jpeg', '013.jpeg']",nan,true,nan,13,6,0,32,"{'children': '0', 'elders': '1', 'female': '3', 'males': '2'}"
200,0,-33.66826863246,150.932617602555,5c5fd49d5c19951f8a287873,"['03.jpg', '04.jpg', '05.jpg', '06.jpeg', '07.jpeg', '08.jpeg', '09.jpeg', '010.jpeg', '011.jpeg', '012.jpeg', '013.jpeg']",nan,true,nan,13,8,0,33,"{'children': '2', 'elders': '0', 'female': '3', 'males': '3'}"
201,0,-33.6678396256605,150.941549553368,5c5fd49d5c19951f8a287874,"['03.jpg', '04.jpg', '05.jpg', '06.jpeg', '07.jpeg', '08.jpeg', '09.jpeg', '010.jpeg', '011.jpeg', '012.jpeg', '013.jpeg']",nan,true,nan,13,9,0,34,"{'children': '2', 'elders': '1', 'female': '2', 'males': '4'}"
202,0,-33.6715358021337,150.938380977374,5c5fd49d5c19951f8a287875,"['03.jpg', '04.jpg', '05.jpg', '06.jpeg', '07.jpeg', '08.jpeg', '09.jpeg', '010.jpeg', '011.jpeg', '012.jpeg', '013.jpeg']",nan,true,nan,13,9,0,35,"{'children': '2', 'elders': '1', 'female': '2', 'males': '4'}"
203,0,-33.6701069075455,150.941360529965,5c5fd49d5c19951f8a287876,"['03.jpg', '04.jpg', '05.jpg', '06.jpeg', '07.jpeg', '08.jpeg', '09.jpeg', '010.jpeg', '011.jpeg', '012.jpeg', '013.jpeg']",nan,true,nan,13,8,0,36,"{'children': '2', 'elders': '1', 'female': '0', 'males': '5'}"
204,0,-33.670581695491,150.933303489168,5c5fd49d5c19951f8a287877,"['03.jpg', '04.jpg', '05.jpg', '06.jpeg', '07.jpeg', '08.jpeg', '09.jpeg', '010.jpeg', '011.jpeg', '012.jpeg', '013.jpeg']",nan,true,nan,13,5,0,37,"{'children': '0', 'elders': '0', 'female': '0', 'males': '5'}"
205,0,-33.6661616775838,150.93267358255198,5c5fd49d5c19951f8a287878,"['03.jpg', '04.jpg', '05.jpg', '06.jpeg', '07.jpeg', '08.jpeg', '09.jpeg', '010.jpeg', '011.jpeg', '012.jpeg', '013.jpeg']",nan,true,nan,13,5,0,38,"{'children': '2', 'elders': '0', 'female': '3', 'males': '0'}"
206,0,-33.6726377744644,150.934387800826,5c5fd49d5c19951f8a287879,"['03.jpg', '04.jpg', '05.jpg', '06.jpeg', '07.jpeg', '08.jpeg', '09.jpeg', '010.jpeg', '011.jpeg', '012.jpeg', '013.jpeg']",nan,true,nan,13,7,0,39,"{'children': '2', 'elders': '1', 'female': '1', 'males': '3'}"
207,0,-34.0381675165126,150.936451043867,5c5fd49d5c19951f8a28787a,"['03.jpg', '04.jpg', '05.jpg', '06.jpeg', '07.jpeg', '08.jpeg', '09.jpeg', '010.jpeg', '011.jpeg', '012.jpeg', '013.jpeg']",nan,true,nan,13,7,0,40,"{'children': '0', 'elders': '0', 'female': '2', 'males': '5'}"
208,0,-34.0333223116504,150.930427911666,5c5fd49d5c19951f8a28787b,"['03.jpg', '04.jpg', '05.jpg', '06.jpeg', '07.jpeg', '08.jpeg', '09.jpeg', '010.jpeg', '011.jpeg', '012.jpeg', '013.jpeg']",nan,true,nan,13,8,0,41,"{'children': '2', 'elders': '0', 'female': '3', 'males': '3'}"
209,0,-34.0390203241528,150.933379090546,5c5fd49e5c19951f8a28787c,"['03.jpg', '04.jpg', '05.jpg', '06.jpeg', '07.jpeg', '08.jpeg', '09.jpeg', '010.jpeg', '011.jpeg', '012.jpeg', '013.jpeg']",nan,true,nan,13,5,0,42,"{'children': '1', 'elders': '0', 'female': '3', 'males': '1'}"
210,0,-34.0382034448459,150.93105761519502,5c5fd49e5c19951f8a28787d,"['03.jpg', '04.jpg', '05.jpg', '06.jpeg', '07.jpeg', '08.jpeg', '09.jpeg', '010.jpeg', '011.jpeg', '012.jpeg', '013.jpeg']",nan,true,nan,13,4,0,43,"{'children': '2', 'elders': '0', 'female': '1', 'males': '1'}"
211,0,-34.0372907038162,150.936284307008,5c5fd49e5c19951f8a28787e,"['03.jpg', '04.jpg', '05.jpg', '06.jpeg', '07.jpeg', '08.jpeg', '09.jpeg', '010.jpeg', '011.jpeg', '012.jpeg', '013.jpeg']",nan,true,nan,13,2,0,44,"{'children': '0', 'elders': '0', 'female': '1', 'males': '1'}"
212,0,-34.03134948866639,150.938304530714,5c5fd49e5c19951f8a28787f,"['03.jpg', '04.jpg', '05.jpg', '06.jpeg', '07.jpeg', '08.jpeg', '09.jpeg', '010.jpeg', '011.jpeg', '012.jpeg', '013.jpeg']",nan,true,nan,13,7,0,45,"{'children': '1', 'elders': '1', 'female': '3', 'males': '2'}"
213,0,-34.0360486915787,150.937464031186,5c5fd49e5c19951f8a287880,"['03.jpg', '04.jpg', '05.jpg', '06.jpeg', '07.jpeg', '08.jpeg', '09.jpeg', '010.jpeg', '011.jpeg', '012.jpeg', '013.jpeg']",nan,true,nan,13,4,0,46,"{'children': '0', 'elders': '0', 'female': '3', 'males': '1'}"
214,0,-34.032739691071,150.93351706541,5c5fd49e5c19951f8a287881,"['03.jpg', '04.jpg', '05.jpg', '06.jpeg', '07.jpeg', '08.jpeg', '09.jpeg', '010.jpeg', '011.jpeg', '012.jpeg', '013.jpeg']",nan,true,nan,13,3,0,47,"{'children': '0', 'elders': '0', 'female': '3', 'males': '0'}"
215,0,-34.0379414157976,150.931007473378,5c5fd49e5c19951f8a287882,"['03.jpg', '04.jpg', '05.jpg', '06.jpeg', '07.jpeg', '08.jpeg', '09.jpeg', '010.jpeg', '011.jpeg', '012.jpeg', '013.jpeg']",nan,true,nan,13,5,0,48,"{'children': '2', 'elders': '0', 'female': '3', 'males': '0'}"
216,0,-34.0338961593665,150.93476231363198,5c5fd49e5c19951f8a287883,"['03.jpg', '04.jpg', '05.jpg', '06.jpeg', '07.jpeg', '08.jpeg', '09.jpeg', '010.jpeg', '011.jpeg', '012.jpeg', '013.jpeg']",nan,true,nan,13,2,0,49,"{'children': '2', 'elders': '0', 'female': '0', 'males': '0'}"
217,0,-34.0311444338621,150.932830961505,5c5fd49e5c19951f8a287884,"['03.jpg', '04.jpg', '05.jpg', '06.jpeg', '07.jpeg', '08.jpeg', '09.jpeg', '010.jpeg', '011.jpeg', '012.jpeg', '013.jpeg']",nan,true,nan,13,6,0,50,"{'children': '2', 'elders': '1', 'female': '0', 'males': '3'}"
218,0,-34.0344629561851,150.936211724881,5c5fd49e5c19951f8a287885,"['03.jpg', '04.jpg', '05.jpg', '06.jpeg', '07.jpeg', '08.jpeg', '09.jpeg', '010.jpeg', '011.jpeg', '012.jpeg', '013.jpeg']",nan,true,nan,13,1,0,51,"{'children': '0', 'elders': '0', 'female': '1', 'males': '0'}"
219,0,-34.033616541116096,150.939264757526,5c5fd49e5c19951f8a287886,"['03.jpg', '04.jpg', '05.jpg', '06.jpeg', '07.jpeg', '08.jpeg', '09.jpeg', '010.jpeg', '011.jpeg', '012.jpeg', '013.jpeg']",nan,true,nan,13,3,0,52,"{'children': '0', 'elders': '1', 'female': '2', 'males': '0'}"
220,0,-34.0317322505273,150.94010620132798,5c5fd49e5c19951f8a287887,"['03.jpg', '04.jpg', '05.jpg', '06.jpeg', '07.jpeg', '08.jpeg', '09.jpeg', '010.jpeg', '011.jpeg', '012.jpeg', '013.jpeg']",nan,true,nan,13,6,0,53,"{'children': '1', 'elders': '0', 'female': '3', 'males': '2'}"
221,0,-34.03645922459449,150.928541285371,5c5fd49e5c19951f8a287888,"['03.jpg', '04.jpg', '05.jpg', '06.jpeg', '07.jpeg', '08.jpeg', '09.jpeg', '010.jpeg', '011.jpeg', '012.jpeg', '013.jpeg']",nan,true,nan,13,6,0,54,"{'children': '1', 'elders': '1', 'female': '3', 'males': '1'}"
222,0,-34.0343481969496,150.940786354935,5c5fd49e5c19951f8a287889,"['03.jpg', '04.jpg', '05.jpg', '06.jpeg', '07.jpeg', '08.jpeg', '09.jpeg', '010.jpeg', '011.jpeg', '012.jpeg', '013.jpeg']",nan,true,nan,13,7,0,55,"{'children': '2', 'elders': '1', 'female': '0', 'males': '4'}"
223,0,-34.032698455603196,150.92757060355302,5c5fd49e5c19951f8a28788a,"['03.jpg', '04.jpg', '05.jpg', '06.jpeg', '07.jpeg', '08.jpeg', '09.jpeg', '010.jpeg', '011.jpeg', '012.jpeg', '013.jpeg']",nan,true,nan,13,9,0,56,"{'children': '2', 'elders': '0', 'female': '2', 'males': '5'}"
224,0,-34.0336724813254,150.940527484245,5c5fd49e5c19951f8a28788b,"['03.jpg', '04.jpg', '05.jpg', '06.jpeg', '07.jpeg', '08.jpeg', '09.jpeg', '010.jpeg', '011.jpeg', '012.jpeg', '013.jpeg']",nan,true,nan,13,7,0,57,"{'children': '2', 'elders': '1', 'female': '1', 'males': '3'}"
225,0,-33.5300417907232,151.11054829276804,5c5fd49e5c19951f8a28788c,"['03.jpg', '04.jpg', '05.jpg', '06.jpeg', '07.jpeg', '08.jpeg', '09.jpeg', '010.jpeg', '011.jpeg', '012.jpeg', '013.jpeg']",nan,true,nan,13,6,0,58,"{'children': '1', 'elders': '1', 'female': '3', 'males': '1'}"
226,0,-33.5361015956426,151.113464833851,5c5fd49e5c19951f8a28788d,"['03.jpg', '04.jpg', '05.jpg', '06.jpeg', '07.jpeg', '08.jpeg', '09.jpeg', '010.jpeg', '011.jpeg', '012.jpeg', '013.jpeg']",nan,true,nan,13,6,0,59,"{'children': '0', 'elders': '1', 'female': '3', 'males': '2'}"
227,0,-33.528616115036996,151.111088856241,5c5fd49e5c19951f8a28788e,"['03.jpg', '04.jpg', '05.jpg', '06.jpeg', '07.jpeg', '08.jpeg', '09.jpeg', '010.jpeg', '011.jpeg', '012.jpeg', '013.jpeg']",nan,false,nan,13,6,2,60,"{'children': '1', 'elders': '1', 'female': '3', 'males': '1'}"
228,0,-33.532367369910105,151.112100025921,5c5fd49e5c19951f8a28788f,"['03.jpg', '04.jpg', '05.jpg', '06.jpeg', '07.jpeg', '08.jpeg', '09.jpeg', '010.jpeg', '011.jpeg', '012.jpeg', '013.jpeg']",nan,false,nan,13,7,2,61,"{'children': '0', 'elders': '1', 'female': '2', 'males': '4'}"
229,0,-33.5390211532003,151.12373502442,5c5fd49e5c19951f8a287890,"['03.jpg', '04.jpg', '05.jpg', '06.jpeg', '07.jpeg', '08.jpeg', '09.jpeg', '010.jpeg', '011.jpeg', '012.jpeg', '013.jpeg']",nan,false,nan,13,4,1,62,"{'children': '0', 'elders': '0', 'female': '1', 'males': '3'}"
230,0,-33.5350555973442,151.116638277372,5c5fd49e5c19951f8a287891,"['03.jpg', '04.jpg', '05.jpg', '06.jpeg', '07.jpeg', '08.jpeg', '09.jpeg', '010.jpeg', '011.jpeg', '012.jpeg', '013.jpeg']",nan,false,nan,13,4,1,63,"{'children': '1', 'elders': '0', 'female': '1', 'males': '2'}"
231,0,-33.5305246161906,151.10739938602,5c5fd49e5c19951f8a287892,"['03.jpg', '04.jpg', '05.jpg', '06.jpeg', '07.jpeg', '08.jpeg', '09.jpeg', '010.jpeg', '011.jpeg', '012.jpeg', '013.jpeg']",nan,false,nan,13,2,0,64,"{'children': '2', 'elders': '0', 'female': '0', 'males': '0'}"
232,0,-33.5390302210889,151.11860749344498,5c5fd49e5c19951f8a287893,"['03.jpg', '04.jpg', '05.jpg', '06.jpeg', '07.jpeg', '08.jpeg', '09.jpeg', '010.jpeg', '011.jpeg', '012.jpeg', '013.jpeg']",nan,false,nan,13,2,0,65,"{'children': '1', 'elders': '0', 'female': '1', 'males': '0'}"
233,0,-33.53550004389,151.11966122749502,5c5fd49e5c19951f8a287894,"['03.jpg', '04.jpg', '05.jpg', '06.jpeg', '07.jpeg', '08.jpeg', '09.jpeg', '010.jpeg', '011.jpeg', '012.jpeg', '013.jpeg']",nan,false,nan,13,7,2,66,"{'children': '2', 'elders': '1', 'female': '2', 'males': '2'}"
234,0,-33.5406208377414,151.123652809848,5c5fd49e5c19951f8a287895,"['03.jpg', '04.jpg', '05.jpg', '06.jpeg', '07.jpeg', '08.jpeg', '09.jpeg', '010.jpeg', '011.jpeg', '012.jpeg', '013.jpeg']",nan,false,nan,13,6,2,67,"{'children': '1', 'elders': '1', 'female': '2', 'males': '2'}"
235,0,-33.5360549805729,151.116513534993,5c5fd49e5c19951f8a287896,"['03.jpg', '04.jpg', '05.jpg', '06.jpeg', '07.jpeg', '08.jpeg', '09.jpeg', '010.jpeg', '011.jpeg', '012.jpeg', '013.jpeg']",nan,false,nan,13,2,0,68,"{'children': '1', 'elders': '0', 'female': '0', 'males': '1'}"
236,0,-33.5421292846885,151.12139872181498,5c5fd49e5c19951f8a287897,"['03.jpg', '04.jpg', '05.jpg', '06.jpeg', '07.jpeg', '08.jpeg', '09.jpeg', '010.jpeg', '011.jpeg', '012.jpeg', '013.jpeg']",nan,false,nan,13,8,2,69,"{'children': '0', 'elders': '1', 'female': '2', 'males': '5'}"
237,0,-33.541534004126895,151.119149429296,5c5fd49f5c19951f8a287898,"['03.jpg', '04.jpg', '05.jpg', '06.jpeg', '07.jpeg', '08.jpeg', '09.jpeg', '010.jpeg', '011.jpeg', '012.jpeg', '013.jpeg']",nan,false,nan,13,4,1,70,"{'children': '0', 'elders': '0', 'female': '0', 'males': '4'}"
238,0,-33.5296393832135,151.10779297917298,5c5fd49f5c19951f8a287899,"['03.jpg', '04.jpg', '05.jpg', '06.jpeg', '07.jpeg', '08.jpeg', '09.jpeg', '010.jpeg', '011.jpeg', '012.jpeg', '013.jpeg']",nan,false,nan,13,7,2,71,"{'children': '1', 'elders': '0', 'female': '3', 'males': '3'}"
239,0,-33.529818536932,151.104930484165,5c5fd49f5c19951f8a28789a,"['03.jpg', '04.jpg', '05.jpg', '06.jpeg', '07.jpeg', '08.jpeg', '09.jpeg', '010.jpeg', '011.jpeg', '012.jpeg', '013.jpeg']",nan,false,nan,13,2,0,72,"{'children': '0', 'elders': '1', 'female': '1', 'males': '0'}"
240,0,-33.5333400173979,151.114857761046,5c5fd49f5c19951f8a28789b,"['03.jpg', '04.jpg', '05.jpg', '06.jpeg', '07.jpeg', '08.jpeg', '09.jpeg', '010.jpeg', '011.jpeg', '012.jpeg', '013.jpeg']",nan,false,nan,13,5,2,73,"{'children': '2', 'elders': '1', 'female': '0', 'males': '2'}"
241,0,-33.5382306536799,151.117877484144,5c5fd49f5c19951f8a28789c,"['03.jpg', '04.jpg', '05.jpg', '06.jpeg', '07.jpeg', '08.jpeg', '09.jpeg', '010.jpeg', '011.jpeg', '012.jpeg', '013.jpeg']",nan,false,nan,13,8,2,74,"{'children': '0', 'elders': '0', 'female': '3', 'males': '5'}"
242,0,-33.6799323050543,151.018580799119,5c5fd49f5c19951f8a28789d,"['03.jpg', '04.jpg', '05.jpg', '06.jpeg', '07.jpeg', '08.jpeg', '09.jpeg', '010.jpeg', '011.jpeg', '012.jpeg', '013.jpeg']",nan,false,nan,13,4,1,75,"{'children': '0', 'elders': '0', 'female': '2', 'males': '2'}"
243,0,-33.6794034892444,151.020633050763,5c5fd49f5c19951f8a28789e,"['03.jpg', '04.jpg', '05.jpg', '06.jpeg', '07.jpeg', '08.jpeg', '09.jpeg', '010.jpeg', '011.jpeg', '012.jpeg', '013.jpeg']",nan,false,nan,13,7,2,76,"{'children': '2', 'elders': '0', 'female': '3', 'males': '2'}"
244,0,-33.6746130359304,151.012608517056,5c5fd49f5c19951f8a28789f,"['03.jpg', '04.jpg', '05.jpg', '06.jpeg', '07.jpeg', '08.jpeg', '09.jpeg', '010.jpeg', '011.jpeg', '012.jpeg', '013.jpeg']",nan,false,nan,13,8,2,77,"{'children': '2', 'elders': '1', 'female': '1', 'males': '4'}"
245,0,-33.6817806742664,151.007986323343,5c5fd49f5c19951f8a2878a0,"['03.jpg', '04.jpg', '05.jpg', '06.jpeg', '07.jpeg', '08.jpeg', '09.jpeg', '010.jpeg', '011.jpeg', '012.jpeg', '013.jpeg']",nan,false,nan,13,6,2,78,"{'children': '1', 'elders': '0', 'female': '1', 'males': '4'}"
246,0,-33.6794653665832,151.011438283776,5c5fd49f5c19951f8a2878a1,"['03.jpg', '04.jpg', '05.jpg', '06.jpeg', '07.jpeg', '08.jpeg', '09.jpeg', '010.jpeg', '011.jpeg', '012.jpeg', '013.jpeg']",nan,false,nan,13,4,1,79,"{'children': '1', 'elders': '0', 'female': '0', 'males': '3'}"
247,0,-33.6770310812833,151.012636828611,5c5fd49f5c19951f8a2878a2,"['03.jpg', '04.jpg', '05.jpg', '06.jpeg', '07.jpeg', '08.jpeg', '09.jpeg', '010.jpeg', '011.jpeg', '012.jpeg', '013.jpeg']",nan,false,nan,13,9,2,80,"{'children': '2', 'elders': '1', 'female': '3', 'males': '3'}"
248,0,-33.6805898633355,151.014326354264,5c5fd49f5c19951f8a2878a3,"['03.jpg', '04.jpg', '05.jpg', '06.jpeg', '07.jpeg', '08.jpeg', '09.jpeg', '010.jpeg', '011.jpeg', '012.jpeg', '013.jpeg']",nan,false,nan,13,4,1,81,"{'children': '0', 'elders': '1', 'female': '0', 'males': '3'}"
249,0,-33.6814348803916,151.01391181606502,5c5fd49f5c19951f8a2878a4,"['03.jpg', '04.jpg', '05.jpg', '06.jpeg', '07.jpeg', '08.jpeg', '09.jpeg', '010.jpeg', '011.jpeg', '012.jpeg', '013.jpeg']",nan,false,nan,13,1,0,82,"{'children': '0', 'elders': '0', 'female': '0', 'males': '1'}"
250,0,-33.67586900124149,151.014098177146,5c5fd49f5c19951f8a2878a5,"['03.jpg', '04.jpg', '05.jpg', '06.jpeg', '07.jpeg', '08.jpeg', '09.jpeg', '010.jpeg', '011.jpeg', '012.jpeg', '013.jpeg']",nan,false,nan,13,5,2,83,"{'children': '1', 'elders': '1', 'female': '3', 'males': '0'}"
251,0,-33.6777498531801,151.024005986528,5c5fd49f5c19951f8a2878a6,"['03.jpg', '04.jpg', '05.jpg', '06.jpeg', '07.jpeg', '08.jpeg', '09.jpeg', '010.jpeg', '011.jpeg', '012.jpeg', '013.jpeg']",nan,false,nan,13,8,2,84,"{'children': '2', 'elders': '1', 'female': '1', 'males': '4'}"
252,0,-33.6771000963478,151.018669021685,5c5fd49f5c19951f8a2878a7,"['03.jpg', '04.jpg', '05.jpg', '06.jpeg', '07.jpeg', '08.jpeg', '09.jpeg', '010.jpeg', '011.jpeg', '012.jpeg', '013.jpeg']",nan,false,nan,13,8,2,85,"{'children': '2', 'elders': '1', 'female': '1', 'males': '4'}"
253,0,-33.6810774142386,151.009753128737,5c5fd49f5c19951f8a2878a8,"['03.jpg', '04.jpg', '05.jpg', '06.jpeg', '07.jpeg', '08.jpeg', '09.jpeg', '010.jpeg', '011.jpeg', '012.jpeg', '013.jpeg']",nan,false,nan,13,5,2,86,"{'children': '0', 'elders': '0', 'female': '0', 'males': '5'}"
254,0,-33.6782602780644,151.017283100761,5c5fd49f5c19951f8a2878a9,"['03.jpg', '04.jpg', '05.jpg', '06.jpeg', '07.jpeg', '08.jpeg', '09.jpeg', '010.jpeg', '011.jpeg', '012.jpeg', '013.jpeg']",nan,false,nan,13,6,2,87,"{'children': '2', 'elders': '1', 'female': '3', 'males': '0'}"
255,0,-33.6812195342627,151.009188671017,5c5fd49f5c19951f8a2878aa,"['03.jpg', '04.jpg', '05.jpg', '06.jpeg', '07.jpeg', '08.jpeg', '09.jpeg', '010.jpeg', '011.jpeg', '012.jpeg', '013.jpeg']",nan,false,nan,13,7,2,88,"{'children': '1', 'elders': '1', 'female': '1', 'males': '4'}"
256,0,-33.674989034369,151.017013592687,5c5fd49f5c19951f8a2878ab,"['03.jpg', '04.jpg', '05.jpg', '06.jpeg', '07.jpeg', '08.jpeg', '09.jpeg', '010.jpeg', '011.jpeg', '012.jpeg', '013.jpeg']",nan,false,nan,13,2,0,89,"{'children': '2', 'elders': '0', 'female': '0', 'males': '0'}"
257,0,-33.6783057614457,151.02208735334102,5c5fd49f5c19951f8a2878ac,"['03.jpg', '04.jpg', '05.jpg', '06.jpeg', '07.jpeg', '08.jpeg', '09.jpeg', '010.jpeg', '011.jpeg', '012.jpeg', '013.jpeg']",nan,false,nan,13,3,1,90,"{'children': '1', 'elders': '0', 'female': '0', 'males': '2'}"
258,0,-33.6814651424828,151.01891845895,5c5fd49f5c19951f8a2878ad,"['03.jpg', '04.jpg', '05.jpg', '06.jpeg', '07.jpeg', '08.jpeg', '09.jpeg', '010.jpeg', '011.jpeg', '012.jpeg', '013.jpeg']",nan,false,nan,13,3,1,91,"{'children': '0', 'elders': '0', 'female': '2', 'males': '1'}"
259,0,-33.9727132033324,150.67637254668801,5c5fd49f5c19951f8a2878ae,"['03.jpg', '04.jpg', '05.jpg', '06.jpeg', '07.jpeg', '08.jpeg', '09.jpeg', '010.jpeg', '011.jpeg', '012.jpeg', '013.jpeg']",nan,false,nan,13,5,2,92,"{'children': '1', 'elders': '0', 'female': '2', 'males': '2'}"
260,0,-33.9696581024889,150.674012365014,5c5fd49f5c19951f8a2878af,"['03.jpg', '04.jpg', '05.jpg', '06.jpeg', '07.jpeg', '08.jpeg', '09.jpeg', '010.jpeg', '011.jpeg', '012.jpeg', '013.jpeg']",nan,false,nan,13,3,1,93,"{'children': '0', 'elders': '0', 'female': '1', 'males': '2'}"
261,0,-33.9632317816909,150.672603697292,5c5fd49f5c19951f8a2878b0,"['03.jpg', '04.jpg', '05.jpg', '06.jpeg', '07.jpeg', '08.jpeg', '09.jpeg', '010.jpeg', '011.jpeg', '012.jpeg', '013.jpeg']",nan,false,nan,13,5,2,94,"{'children': '1', 'elders': '1', 'female': '3', 'males': '0'}"
262,0,-33.9562633173276,150.666263178228,5c5fd49f5c19951f8a2878b1,"['03.jpg', '04.jpg', '05.jpg', '06.jpeg', '07.jpeg', '08.jpeg', '09.jpeg', '010.jpeg', '011.jpeg', '012.jpeg', '013.jpeg']",nan,false,nan,13,3,1,95,"{'children': '1', 'elders': '1', 'female': '1', 'males': '0'}"
263,0,-33.9593250795254,150.67419751822501,5c5fd49f5c19951f8a2878b2,"['03.jpg', '04.jpg', '05.jpg', '06.jpeg', '07.jpeg', '08.jpeg', '09.jpeg', '010.jpeg', '011.jpeg', '012.jpeg', '013.jpeg']",nan,false,nan,13,8,2,96,"{'children': '2', 'elders': '1', 'female': '0', 'males': '5'}"
264,0,-33.958023547343004,150.669438802792,5c5fd49f5c19951f8a2878b3,"['03.jpg', '04.jpg', '05.jpg', '06.jpeg', '07.jpeg', '08.jpeg', '09.jpeg', '010.jpeg', '011.jpeg', '012.jpeg', '013.jpeg']",nan,false,nan,13,6,2,97,"{'children': '1', 'elders': '0', 'female': '1', 'males': '4'}"
265,0,-33.9681101185034,150.67428890976402,5c5fd4a05c19951f8a2878b4,"['03.jpg', '04.jpg', '05.jpg', '06.jpeg', '07.jpeg', '08.jpeg', '09.jpeg', '010.jpeg', '011.jpeg', '012.jpeg', '013.jpeg']",nan,false,nan,13,3,1,98,"{'children': '0', 'elders': '1', 'female': '2', 'males': '0'}"
266,0,-33.9591194230871,150.671880081609,5c5fd4a05c19951f8a2878b5,"['03.jpg', '04.jpg', '05.jpg', '06.jpeg', '07.jpeg', '08.jpeg', '09.jpeg', '010.jpeg', '011.jpeg', '012.jpeg', '013.jpeg']",nan,false,nan,13,5,2,99,"{'children': '1', 'elders': '1', 'female': '3', 'males': '0'}"
267,0,-33.961464366571896,150.67048806646798,5c5fd4a05c19951f8a2878b6,"['03.jpg', '04.jpg', '05.jpg', '06.jpeg', '07.jpeg', '08.jpeg', '09.jpeg', '010.jpeg', '011.jpeg', '012.jpeg', '013.jpeg']",nan,false,nan,13,4,1,100,"{'children': '2', 'elders': '0', 'female': '0', 'males': '2'}"
268,0,-33.9553537356757,150.666420287817,5c5fd4a05c19951f8a2878b7,"['03.jpg', '04.jpg', '05.jpg', '06.jpeg', '07.jpeg', '08.jpeg', '09.jpeg', '010.jpeg', '011.jpeg', '012.jpeg', '013.jpeg']",nan,false,nan,13,4,1,101,"{'children': '1', 'elders': '1', 'female': '0', 'males': '2'}"
269,0,-33.965713282241204,150.67373045922,5c5fd4a05c19951f8a2878b8,"['03.jpg', '04.jpg', '05.jpg', '06.jpeg', '07.jpeg', '08.jpeg', '09.jpeg', '010.jpeg', '011.jpeg', '012.jpeg', '013.jpeg']",nan,false,nan,13,4,1,102,"{'children': '0', 'elders': '0', 'female': '0', 'males': '4'}"
270,0,-33.9571932066562,150.667263425303,5c5fd4a05c19951f8a2878b9,"['03.jpg', '04.jpg', '05.jpg', '06.jpeg', '07.jpeg', '08.jpeg', '09.jpeg', '010.jpeg', '011.jpeg', '012.jpeg', '013.jpeg']",nan,false,nan,13,5,2,103,"{'children': '1', 'elders': '0', 'female': '2', 'males': '2'}"
271,0,-33.9579756360341,150.66474702363,5c5fd4a05c19951f8a2878ba,"['03.jpg', '04.jpg', '05.jpg', '06.jpeg', '07.jpeg', '08.jpeg', '09.jpeg', '010.jpeg', '011.jpeg', '012.jpeg', '013.jpeg']",nan,false,nan,13,5,2,104,"{'children': '1', 'elders': '1', 'female': '3', 'males': '0'}"
272,0,-33.9714681201159,150.67540445734699,5c5fd4a05c19951f8a2878bb,"['03.jpg', '04.jpg', '05.jpg', '06.jpeg', '07.jpeg', '08.jpeg', '09.jpeg', '010.jpeg', '011.jpeg', '012.jpeg', '013.jpeg']",nan,false,nan,13,5,2,105,"{'children': '2', 'elders': '1', 'female': '2', 'males': '0'}"
273,0,-33.958103119223296,150.676255127575,5c5fd4a05c19951f8a2878bc,"['03.jpg', '04.jpg', '05.jpg', '06.jpeg', '07.jpeg', '08.jpeg', '09.jpeg', '010.jpeg', '011.jpeg', '012.jpeg', '013.jpeg']",nan,false,nan,13,7,2,106,"{'children': '2', 'elders': '1', 'female': '1', 'males': '3'}"
274,0,-33.95607339906761,150.66426754459602,5c5fd4a05c19951f8a2878bd,"['03.jpg', '04.jpg', '05.jpg', '06.jpeg', '07.jpeg', '08.jpeg', '09.jpeg', '010.jpeg', '011.jpeg', '012.jpeg', '013.jpeg']",nan,true,nan,13,8,0,107,"{'children': '2', 'elders': '0', 'female': '2', 'males': '4'}"
275,0,-34.0070874095817,150.685669611883,5c5fd4a05c19951f8a2878be,"['03.jpg', '04.jpg', '05.jpg', '06.jpeg', '07.jpeg', '08.jpeg', '09.jpeg', '010.jpeg', '011.jpeg', '012.jpeg', '013.jpeg']",nan,true,nan,13,4,0,108,"{'children': '2', 'elders': '0', 'female': '1', 'males': '1'}"
276,0,-34.0035585432382,150.692735162043,5c5fd4a05c19951f8a2878bf,"['03.jpg', '04.jpg', '05.jpg', '06.jpeg', '07.jpeg', '08.jpeg', '09.jpeg', '010.jpeg', '011.jpeg', '012.jpeg', '013.jpeg']",nan,true,nan,13,2,0,109,"{'children': '1', 'elders': '0', 'female': '0', 'males': '1'}"
277,0,-34.007393366045896,150.689677745443,5c5fd4a05c19951f8a2878c0,"['03.jpg', '04.jpg', '05.jpg', '06.jpeg', '07.jpeg', '08.jpeg', '09.jpeg', '010.jpeg', '011.jpeg', '012.jpeg', '013.jpeg']",nan,true,nan,13,4,0,110,"{'children': '0', 'elders': '1', 'female': '3', 'males': '0'}"
278,0,-34.0050251131903,150.70009318743098,5c5fd4a05c19951f8a2878c1,"['03.jpg', '04.jpg', '05.jpg', '06.jpeg', '07.jpeg', '08.jpeg', '09.jpeg', '010.jpeg', '011.jpeg', '012.jpeg', '013.jpeg']",nan,true,nan,13,7,0,111,"{'children': '1', 'elders': '1', 'female': '1', 'males': '4'}"
279,0,-34.0032264864782,150.690535306473,5c5fd4a05c19951f8a2878c2,"['03.jpg', '04.jpg', '05.jpg', '06.jpeg', '07.jpeg', '08.jpeg', '09.jpeg', '010.jpeg', '011.jpeg', '012.jpeg', '013.jpeg']",nan,true,nan,13,8,0,112,"{'children': '2', 'elders': '1', 'female': '1', 'males': '4'}"
280,0,-34.0074878726371,150.683237481529,5c5fd4a05c19951f8a2878c3,"['03.jpg', '04.jpg', '05.jpg', '06.jpeg', '07.jpeg', '08.jpeg', '09.jpeg', '010.jpeg', '011.jpeg', '012.jpeg', '013.jpeg']",nan,true,nan,13,5,0,113,"{'children': '0', 'elders': '1', 'female': '2', 'males': '2'}"
281,0,-34.004199108924496,150.698110206239,5c5fd4a05c19951f8a2878c4,"['03.jpg', '04.jpg', '05.jpg', '06.jpeg', '07.jpeg', '08.jpeg', '09.jpeg', '010.jpeg', '011.jpeg', '012.jpeg', '013.jpeg']",nan,true,nan,13,4,0,114,"{'children': '1', 'elders': '0', 'female': '1', 'males': '2'}"
282,0,-34.004108674456894,150.692102073694,5c5fd4a05c19951f8a2878c5,"['03.jpg', '04.jpg', '05.jpg', '06.jpeg', '07.jpeg', '08.jpeg', '09.jpeg', '010.jpeg', '011.jpeg', '012.jpeg', '013.jpeg']",nan,true,nan,13,8,0,115,"{'children': '2', 'elders': '1', 'female': '3', 'males': '2'}"
283,0,-34.0053731041367,150.68950282015498,5c5fd4a05c19951f8a2878c6,"['03.jpg', '04.jpg', '05.jpg', '06.jpeg', '07.jpeg', '08.jpeg', '09.jpeg', '010.jpeg', '011.jpeg', '012.jpeg', '013.jpeg']",nan,true,nan,13,4,0,116,"{'children': '0', 'elders': '1', 'female': '0', 'males': '3'}"
284,0,-34.003320449593204,150.69634157022,5c5fd4a05c19951f8a2878c7,"['03.jpg', '04.jpg', '05.jpg', '06.jpeg', '07.jpeg', '08.jpeg', '09.jpeg', '010.jpeg', '011.jpeg', '012.jpeg', '013.jpeg']",nan,true,nan,13,8,0,117,"{'children': '2', 'elders': '1', 'female': '1', 'males': '4'}"
285,0,-34.0018087765988,150.695076662303,5c5fd4a05c19951f8a2878c8,"['03.jpg', '04.jpg', '05.jpg', '06.jpeg', '07.jpeg', '08.jpeg', '09.jpeg', '010.jpeg', '011.jpeg', '012.jpeg', '013.jpeg']",nan,true,nan,13,3,0,118,"{'children': '2', 'elders': '0', 'female': '0', 'males': '1'}"
286,0,-34.0029501707329,150.696412814705,5c5fd4a05c19951f8a2878c9,"['03.jpg', '04.jpg', '05.jpg', '06.jpeg', '07.jpeg', '08.jpeg', '09.jpeg', '010.jpeg', '011.jpeg', '012.jpeg', '013.jpeg']",nan,true,nan,13,6,0,119,"{'children': '0', 'elders': '1', 'female': '0', 'males': '5'}"
287,0,-34.0060174161951,150.698327250121,5c5fd4a05c19951f8a2878ca,"['03.jpg', '04.jpg', '05.jpg', '06.jpeg', '07.jpeg', '08.jpeg', '09.jpeg', '010.jpeg', '011.jpeg', '012.jpeg', '013.jpeg']",nan,true,nan,13,6,0,120,"{'children': '2', 'elders': '0', 'female': '2', 'males': '2'}"
288,0,-34.006441926139104,150.693247703091,5c5fd4a05c19951f8a2878cb,"['03.jpg', '04.jpg', '05.jpg', '06.jpeg', '07.jpeg', '08.jpeg', '09.jpeg', '010.jpeg', '011.jpeg', '012.jpeg', '013.jpeg']",nan,true,nan,13,3,0,121,"{'children': '0', 'elders': '0', 'female': '2', 'males': '1'}"
289,0,-34.0092776435975,150.688979325683,5c5fd4a15c19951f8a2878cc,"['03.jpg', '04.jpg', '05.jpg', '06.jpeg', '07.jpeg', '08.jpeg', '09.jpeg', '010.jpeg', '011.jpeg', '012.jpeg', '013.jpeg']",nan,true,nan,13,4,0,122,"{'children': '2', 'elders': '1', 'female': '0', 'males': '1'}"
290,0,-34.00581594458089,150.68713867471502,5c5fd4a15c19951f8a2878cd,"['03.jpg', '04.jpg', '05.jpg', '06.jpeg', '07.jpeg', '08.jpeg', '09.jpeg', '010.jpeg', '011.jpeg', '012.jpeg', '013.jpeg']",nan,true,nan,13,4,0,123,"{'children': '1', 'elders': '0', 'female': '0', 'males': '3'}"
291,0,-33.9495132050718,150.861402170566,5c5fd4a15c19951f8a2878ce,"['03.jpg', '04.jpg', '05.jpg', '06.jpeg', '07.jpeg', '08.jpeg', '09.jpeg', '010.jpeg', '011.jpeg', '012.jpeg', '013.jpeg']",nan,true,nan,13,10,0,124,"{'children': '2', 'elders': '1', 'female': '3', 'males': '4'}"
292,0,-33.9513502889764,150.864302242376,5c5fd4a15c19951f8a2878cf,"['03.jpg', '04.jpg', '05.jpg', '06.jpeg', '07.jpeg', '08.jpeg', '09.jpeg', '010.jpeg', '011.jpeg', '012.jpeg', '013.jpeg']",nan,true,nan,13,3,0,125,"{'children': '0', 'elders': '1', 'female': '0', 'males': '2'}"
293,0,-33.9528727789541,150.863479898419,5c5fd4a15c19951f8a2878d0,"['03.jpg', '04.jpg', '05.jpg', '06.jpeg', '07.jpeg', '08.jpeg', '09.jpeg', '010.jpeg', '011.jpeg', '012.jpeg', '013.jpeg']",nan,true,nan,13,4,0,126,"{'children': '2', 'elders': '0', 'female': '2', 'males': '0'}"
294,0,-33.9538733130075,150.858722223544,5c5fd4a15c19951f8a2878d1,"['03.jpg', '04.jpg', '05.jpg', '06.jpeg', '07.jpeg', '08.jpeg', '09.jpeg', '010.jpeg', '011.jpeg', '012.jpeg', '013.jpeg']",nan,true,nan,13,5,0,127,"{'children': '2', 'elders': '0', 'female': '1', 'males': '2'}"
295,0,-33.9493918589384,150.86215508580204,5c5fd4a15c19951f8a2878d2,"['03.jpg', '04.jpg', '05.jpg', '06.jpeg', '07.jpeg', '08.jpeg', '09.jpeg', '010.jpeg', '011.jpeg', '012.jpeg', '013.jpeg']",nan,true,nan,13,4,0,128,"{'children': '1', 'elders': '0', 'female': '2', 'males': '1'}"
296,0,-33.9547576000083,150.859402441289,5c5fd4a15c19951f8a2878d3,"['03.jpg', '04.jpg', '05.jpg', '06.jpeg', '07.jpeg', '08.jpeg', '09.jpeg', '010.jpeg', '011.jpeg', '012.jpeg', '013.jpeg']",nan,true,nan,13,2,0,129,"{'children': '1', 'elders': '1', 'female': '0', 'males': '0'}"
297,0,-33.9596112990448,150.861457666493,5c5fd4a15c19951f8a2878d4,"['03.jpg', '04.jpg', '05.jpg', '06.jpeg', '07.jpeg', '08.jpeg', '09.jpeg', '010.jpeg', '011.jpeg', '012.jpeg', '013.jpeg']",nan,true,nan,13,10,0,130,"{'children': '2', 'elders': '0', 'female': '3', 'males': '5'}"
298,0,-33.9513098374432,150.856940974775,5c5fd4a15c19951f8a2878d5,"['03.jpg', '04.jpg', '05.jpg', '06.jpeg', '07.jpeg', '08.jpeg', '09.jpeg', '010.jpeg', '011.jpeg', '012.jpeg', '013.jpeg']",nan,true,nan,13,7,0,131,"{'children': '1', 'elders': '0', 'female': '2', 'males': '4'}"
299,0,-33.9578299103042,150.86252054890102,5c5fd4a15c19951f8a2878d6,"['03.jpg', '04.jpg', '05.jpg', '06.jpeg', '07.jpeg', '08.jpeg', '09.jpeg', '010.jpeg', '011.jpeg', '012.jpeg', '013.jpeg']",nan,true,nan,13,8,0,132,"{'children': '1', 'elders': '0', 'female': '2', 'males': '5'}"
300,0,-33.9569583563719,150.861663550583,5c5fd4a15c19951f8a2878d7,"['03.jpg', '04.jpg', '05.jpg', '06.jpeg', '07.jpeg', '08.jpeg', '09.jpeg', '010.jpeg', '011.jpeg', '012.jpeg', '013.jpeg']",nan,true,nan,13,6,0,133,"{'children': '2', 'elders': '0', 'female': '3', 'males': '1'}"
301,0,-33.951402107762696,150.860948132766,5c5fd4a15c19951f8a2878d8,"['03.jpg', '04.jpg', '05.jpg', '06.jpeg', '07.jpeg', '08.jpeg', '09.jpeg', '010.jpeg', '011.jpeg', '012.jpeg', '013.jpeg']",nan,true,nan,13,3,0,134,"{'children': '1', 'elders': '1', 'female': '0', 'males': '1'}"
302,0,-33.9558971958102,150.859095019329,5c5fd4a15c19951f8a2878d9,"['03.jpg', '04.jpg', '05.jpg', '06.jpeg', '07.jpeg', '08.jpeg', '09.jpeg', '010.jpeg', '011.jpeg', '012.jpeg', '013.jpeg']",nan,true,nan,13,5,0,135,"{'children': '1', 'elders': '1', 'female': '1', 'males': '2'}"
303,0,-33.9614194810401,150.860455210402,5c5fd4a15c19951f8a2878da,"['03.jpg', '04.jpg', '05.jpg', '06.jpeg', '07.jpeg', '08.jpeg', '09.jpeg', '010.jpeg', '011.jpeg', '012.jpeg', '013.jpeg']",nan,true,nan,13,10,0,136,"{'children': '2', 'elders': '0', 'female': '3', 'males': '5'}"
304,0,-33.9565139881676,150.860164685178,5c5fd4a15c19951f8a2878db,"['03.jpg', '04.jpg', '05.jpg', '06.jpeg', '07.jpeg', '08.jpeg', '09.jpeg', '010.jpeg', '011.jpeg', '012.jpeg', '013.jpeg']",nan,false,nan,13,5,2,137,"{'children': '2', 'elders': '0', 'female': '3', 'males': '0'}"
305,0,-33.951763852592,150.86003756255,5c5fd4a15c19951f8a2878dc,"['03.jpg', '04.jpg', '05.jpg', '06.jpeg', '07.jpeg', '08.jpeg', '09.jpeg', '010.jpeg', '011.jpeg', '012.jpeg', '013.jpeg']",nan,false,nan,13,5,2,138,"{'children': '1', 'elders': '0', 'female': '3', 'males': '1'}"
306,0,-33.9507697795053,150.859480485312,5c5fd4a15c19951f8a2878dd,"['03.jpg', '04.jpg', '05.jpg', '06.jpeg', '07.jpeg', '08.jpeg', '09.jpeg', '010.jpeg', '011.jpeg', '012.jpeg', '013.jpeg']",nan,false,nan,13,7,2,139,"{'children': '1', 'elders': '0', 'female': '2', 'males': '4'}"
307,0,-33.5128857746097,150.676428341425,5c5fd4a15c19951f8a2878de,"['03.jpg', '04.jpg', '05.jpg', '06.jpeg', '07.jpeg', '08.jpeg', '09.jpeg', '010.jpeg', '011.jpeg', '012.jpeg', '013.jpeg']",nan,false,nan,13,7,2,140,"{'children': '1', 'elders': '0', 'female': '3', 'males': '3'}"
308,0,-33.518393468115804,150.675540707041,5c5fd4a15c19951f8a2878df,"['03.jpg', '04.jpg', '05.jpg', '06.jpeg', '07.jpeg', '08.jpeg', '09.jpeg', '010.jpeg', '011.jpeg', '012.jpeg', '013.jpeg']",nan,false,nan,13,6,2,141,"{'children': '1', 'elders': '0', 'female': '3', 'males': '2'}"
309,0,-33.5233744721804,150.681279482888,5c5fd4a15c19951f8a2878e0,"['03.jpg', '04.jpg', '05.jpg', '06.jpeg', '07.jpeg', '08.jpeg', '09.jpeg', '010.jpeg', '011.jpeg', '012.jpeg', '013.jpeg']",nan,false,nan,13,6,2,142,"{'children': '2', 'elders': '1', 'female': '3', 'males': '0'}"
310,0,-33.52075363585,150.678107763883,5c5fd4a15c19951f8a2878e1,"['03.jpg', '04.jpg', '05.jpg', '06.jpeg', '07.jpeg', '08.jpeg', '09.jpeg', '010.jpeg', '011.jpeg', '012.jpeg', '013.jpeg']",nan,false,nan,13,6,2,143,"{'children': '2', 'elders': '0', 'female': '3', 'males': '1'}"
311,0,-33.5142934828006,150.678696522769,5c5fd4a15c19951f8a2878e2,"['03.jpg', '04.jpg', '05.jpg', '06.jpeg', '07.jpeg', '08.jpeg', '09.jpeg', '010.jpeg', '011.jpeg', '012.jpeg', '013.jpeg']",nan,false,nan,13,5,2,144,"{'children': '0', 'elders': '0', 'female': '3', 'males': '2'}"
312,0,-33.5209764225162,150.67881209650102,5c5fd4a15c19951f8a2878e3,"['03.jpg', '04.jpg', '05.jpg', '06.jpeg', '07.jpeg', '08.jpeg', '09.jpeg', '010.jpeg', '011.jpeg', '012.jpeg', '013.jpeg']",nan,false,nan,13,5,2,145,"{'children': '2', 'elders': '0', 'female': '3', 'males': '0'}"
313,0,-33.5186326143276,150.679082846667,5c5fd4a15c19951f8a2878e4,"['03.jpg', '04.jpg', '05.jpg', '06.jpeg', '07.jpeg', '08.jpeg', '09.jpeg', '010.jpeg', '011.jpeg', '012.jpeg', '013.jpeg']",nan,false,nan,13,1,0,146,"{'children': '0', 'elders': '0', 'female': '1', 'males': '0'}"
314,0,-33.5153340579529,150.674722454527,5c5fd4a25c19951f8a2878e5,"['03.jpg', '04.jpg', '05.jpg', '06.jpeg', '07.jpeg', '08.jpeg', '09.jpeg', '010.jpeg', '011.jpeg', '012.jpeg', '013.jpeg']",nan,false,nan,13,4,1,147,"{'children': '1', 'elders': '0', 'female': '2', 'males': '1'}"
315,0,-33.5229961253462,150.68094826749902,5c5fd4a25c19951f8a2878e6,"['03.jpg', '04.jpg', '05.jpg', '06.jpeg', '07.jpeg', '08.jpeg', '09.jpeg', '010.jpeg', '011.jpeg', '012.jpeg', '013.jpeg']",nan,false,nan,13,4,1,148,"{'children': '1', 'elders': '1', 'female': '2', 'males': '0'}"
316,0,-33.5211518702949,150.677181177936,5c5fd4a25c19951f8a2878e7,"['03.jpg', '04.jpg', '05.jpg', '06.jpeg', '07.jpeg', '08.jpeg', '09.jpeg', '010.jpeg', '011.jpeg', '012.jpeg', '013.jpeg']",nan,false,nan,13,9,2,149,"{'children': '1', 'elders': '1', 'female': '3', 'males': '4'}"
317,0,-33.5148435737463,150.676387574296,5c5fd4a25c19951f8a2878e8,"['03.jpg', '04.jpg', '05.jpg', '06.jpeg', '07.jpeg', '08.jpeg', '09.jpeg', '010.jpeg', '011.jpeg', '012.jpeg', '013.jpeg']",nan,false,nan,13,9,2,150,"{'children': '0', 'elders': '1', 'female': '3', 'males': '5'}"
318,0,-33.5215594553414,150.67939535124398,5c5fd4a25c19951f8a2878e9,"['03.jpg', '04.jpg', '05.jpg', '06.jpeg', '07.jpeg', '08.jpeg', '09.jpeg', '010.jpeg', '011.jpeg', '012.jpeg', '013.jpeg']",nan,false,nan,13,2,0,151,"{'children': '1', 'elders': '0', 'female': '1', 'males': '0'}"
319,0,-33.5177365760728,150.678539237153,5c5fd4a25c19951f8a2878ea,"['03.jpg', '04.jpg', '05.jpg', '06.jpeg', '07.jpeg', '08.jpeg', '09.jpeg', '010.jpeg', '011.jpeg', '012.jpeg', '013.jpeg']",nan,false,nan,13,5,2,152,"{'children': '1', 'elders': '1', 'female': '1', 'males': '2'}"
320,0,-33.5165927444228,150.677901405152,5c5fd4a25c19951f8a2878eb,"['03.jpg', '04.jpg', '05.jpg', '06.jpeg', '07.jpeg', '08.jpeg', '09.jpeg', '010.jpeg', '011.jpeg', '012.jpeg', '013.jpeg']",nan,false,nan,13,4,1,153,"{'children': '0', 'elders': '1', 'female': '1', 'males': '2'}"
321,0,-33.544572380636396,150.664139454295,5c5fd4a25c19951f8a2878ec,"['03.jpg', '04.jpg', '05.jpg', '06.jpeg', '07.jpeg', '08.jpeg', '09.jpeg', '010.jpeg', '011.jpeg', '012.jpeg', '013.jpeg']",nan,false,nan,13,4,1,154,"{'children': '2', 'elders': '0', 'female': '2', 'males': '0'}"
322,0,-33.5487382257719,150.66411111418998,5c5fd4a25c19951f8a2878ed,"['03.jpg', '04.jpg', '05.jpg', '06.jpeg', '07.jpeg', '08.jpeg', '09.jpeg', '010.jpeg', '011.jpeg', '012.jpeg', '013.jpeg']",nan,false,nan,13,6,2,155,"{'children': '2', 'elders': '1', 'female': '2', 'males': '1'}"
323,0,-33.545298602681996,150.660209452458,5c5fd4a25c19951f8a2878ee,"['03.jpg', '04.jpg', '05.jpg', '06.jpeg', '07.jpeg', '08.jpeg', '09.jpeg', '010.jpeg', '011.jpeg', '012.jpeg', '013.jpeg']",nan,false,nan,13,6,2,156,"{'children': '1', 'elders': '1', 'female': '3', 'males': '1'}"
324,0,-33.546531436324,150.660347355448,5c5fd4a25c19951f8a2878ef,"['03.jpg', '04.jpg', '05.jpg', '06.jpeg', '07.jpeg', '08.jpeg', '09.jpeg', '010.jpeg', '011.jpeg', '012.jpeg', '013.jpeg']",nan,false,nan,13,5,2,157,"{'children': '1', 'elders': '0', 'female': '2', 'males': '2'}"
325,0,-33.5451842486027,150.657584536264,5c5fd4a25c19951f8a2878f0,"['03.jpg', '04.jpg', '05.jpg', '06.jpeg', '07.jpeg', '08.jpeg', '09.jpeg', '010.jpeg', '011.jpeg', '012.jpeg', '013.jpeg']",nan,false,nan,13,4,1,158,"{'children': '0', 'elders': '1', 'female': '1', 'males': '2'}"
326,0,-33.5488089656374,150.662013324658,5c5fd4a25c19951f8a2878f1,"['03.jpg', '04.jpg', '05.jpg', '06.jpeg', '07.jpeg', '08.jpeg', '09.jpeg', '010.jpeg', '011.jpeg', '012.jpeg', '013.jpeg']",nan,false,nan,13,4,1,159,"{'children': '1', 'elders': '1', 'female': '0', 'males': '2'}"
327,0,-33.547712001880996,150.660858760347,5c5fd4a25c19951f8a2878f2,"['03.jpg', '04.jpg', '05.jpg', '06.jpeg', '07.jpeg', '08.jpeg', '09.jpeg', '010.jpeg', '011.jpeg', '012.jpeg', '013.jpeg']",nan,false,nan,13,2,0,160,"{'children': '1', 'elders': '0', 'female': '1', 'males': '0'}"
328,0,-33.5456117466479,150.666793230803,5c5fd4a25c19951f8a2878f3,"['03.jpg', '04.jpg', '05.jpg', '06.jpeg', '07.jpeg', '08.jpeg', '09.jpeg', '010.jpeg', '011.jpeg', '012.jpeg', '013.jpeg']",nan,false,nan,13,4,1,161,"{'children': '0', 'elders': '0', 'female': '1', 'males': '3'}"
329,0,-33.5473368668432,150.657675722674,5c5fd4a25c19951f8a2878f4,"['03.jpg', '04.jpg', '05.jpg', '06.jpeg', '07.jpeg', '08.jpeg', '09.jpeg', '010.jpeg', '011.jpeg', '012.jpeg', '013.jpeg']",nan,false,nan,13,6,2,162,"{'children': '1', 'elders': '1', 'female': '1', 'males': '3'}"
330,0,-33.547450399492504,150.667918236444,5c5fd4a25c19951f8a2878f5,"['03.jpg', '04.jpg', '05.jpg', '06.jpeg', '07.jpeg', '08.jpeg', '09.jpeg', '010.jpeg', '011.jpeg', '012.jpeg', '013.jpeg']",nan,false,nan,13,6,2,163,"{'children': '2', 'elders': '0', 'female': '3', 'males': '1'}"
331,0,-33.5478905963759,150.665364464077,5c5fd4a25c19951f8a2878f6,"['03.jpg', '04.jpg', '05.jpg', '06.jpeg', '07.jpeg', '08.jpeg', '09.jpeg', '010.jpeg', '011.jpeg', '012.jpeg', '013.jpeg']",nan,false,nan,13,5,2,164,"{'children': '0', 'elders': '1', 'female': '2', 'males': '2'}"
332,0,-33.5436642481177,150.65967333147498,5c5fd4a25c19951f8a2878f7,"['03.jpg', '04.jpg', '05.jpg', '06.jpeg', '07.jpeg', '08.jpeg', '09.jpeg', '010.jpeg', '011.jpeg', '012.jpeg', '013.jpeg']",nan,false,nan,13,8,2,165,"{'children': '2', 'elders': '1', 'female': '0', 'males': '5'}"
333,0,-33.5440738454265,150.659380015358,5c5fd4a25c19951f8a2878f8,"['03.jpg', '04.jpg', '05.jpg', '06.jpeg', '07.jpeg', '08.jpeg', '09.jpeg', '010.jpeg', '011.jpeg', '012.jpeg', '013.jpeg']",nan,false,nan,13,4,1,166,"{'children': '0', 'elders': '1', 'female': '0', 'males': '3'}"
