,Disasterid,Lat,Long,_id,blobnames,issafe,num_files,numvictims,priority,user_id,victims
0,0,12.838150585622234,77.59507863648756,5bc7610f5c1995331e55498d,"['03.jpg', '04.jpg', '05.jpg', '06.jpeg', '07.jpeg', '08.jpeg', '09.jpeg', '010.jpeg', '011.jpeg', '012.jpeg', '013.jpeg']",true,13,3,0,0,"{'children': '0', 'elders': '1', 'female': '2', 'males': '0'}"
1,0,12.848128904865684,77.59499951329053,5bc7610f5c1995331e55498e,"['03.jpg', '04.jpg', '05.jpg', '06.jpeg', '07.jpeg', '08.jpeg', '09.jpeg', '010.jpeg', '011.jpeg', '012.jpeg', '013.jpeg']",true,13,6,0,1,"{'children': '2', 'elders': '0', 'female': '3', 'males': '1'}"
2,0,12.844541401926884,77.59636063613759,5bc7610f5c1995331e55498f,"['03.jpg', '04.jpg', '05.jpg', '06.jpeg', '07.jpeg', '08.jpeg', '09.jpeg', '010.jpeg', '011.jpeg', '012.jpeg', '013.jpeg']",true,13,5,0,2,"{'children': '0', 'elders': '1', 'female': '3', 'males': '1'}"
3,0,12.837809448650924,77.59689326895202,5bc7610f5c1995331e554990,"['03.jpg', '04.jpg', '05.jpg', '06.jpeg', '07.jpeg', '08.jpeg', '09.jpeg', '010.jpeg', '011.jpeg', '012.jpeg', '013.jpeg']",true,13,2,0,3,"{'children': '0', 'elders': '0', 'female': '1', 'males': '1'}"
4,0,12.839233539630726,77.59821835586324,5bc7610f5c1995331e554991,"['03.jpg', '04.jpg', '05.jpg', '06.jpeg', '07.jpeg', '08.jpeg', '09.jpeg', '010.jpeg', '011.jpeg', '012.jpeg', '013.jpeg']",true,13,4,0,4,"{'children': '1', 'elders': '0', 'female': '3', 'males': '0'}"
5,0,12.84922235216158,77.59409485083434,5bc7610f5c1995331e554992,"['03.jpg', '04.jpg', '05.jpg', '06.jpeg', '07.jpeg', '08.jpeg', '09.jpeg', '010.jpeg', '011.jpeg', '012.jpeg', '013.jpeg']",true,13,5,0,5,"{'children': '2', 'elders': '1', 'female': '2', 'males': '0'}"
6,0,12.843392483126427,77.59656244012464,5bc7610f5c1995331e554993,"['03.jpg', '04.jpg', '05.jpg', '06.jpeg', '07.jpeg', '08.jpeg', '09.jpeg', '010.jpeg', '011.jpeg', '012.jpeg', '013.jpeg']",true,13,9,0,6,"{'children': '2', 'elders': '1', 'female': '2', 'males': '4'}"
7,0,12.840229182162249,77.5979794229124,5bc7610f5c1995331e554994,"['03.jpg', '04.jpg', '05.jpg', '06.jpeg', '07.jpeg', '08.jpeg', '09.jpeg', '010.jpeg', '011.jpeg', '012.jpeg', '013.jpeg']",true,13,9,0,7,"{'children': '1', 'elders': '0', 'female': '3', 'males': '5'}"
8,0,12.842664059407012,77.5981730301408,5bc7610f5c1995331e554995,"['03.jpg', '04.jpg', '05.jpg', '06.jpeg', '07.jpeg', '08.jpeg', '09.jpeg', '010.jpeg', '011.jpeg', '012.jpeg', '013.jpeg']",true,13,3,0,8,"{'children': '0', 'elders': '0', 'female': '2', 'males': '1'}"
9,0,12.847906149479366,77.59432469252377,5bc7610f5c1995331e554996,"['03.jpg', '04.jpg', '05.jpg', '06.jpeg', '07.jpeg', '08.jpeg', '09.jpeg', '010.jpeg', '011.jpeg', '012.jpeg', '013.jpeg']",true,13,3,0,9,"{'children': '0', 'elders': '1', 'female': '0', 'males': '2'}"
10,0,12.845888198294348,77.59646756548605,5bc7610f5c1995331e554997,"['03.jpg', '04.jpg', '05.jpg', '06.jpeg', '07.jpeg', '08.jpeg', '09.jpeg', '010.jpeg', '011.jpeg', '012.jpeg', '013.jpeg']",true,13,5,0,10,"{'children': '0', 'elders': '1', 'female': '3', 'males': '1'}"
11,0,12.843808281943955,77.59670846217578,5bc7610f5c1995331e554998,"['03.jpg', '04.jpg', '05.jpg', '06.jpeg', '07.jpeg', '08.jpeg', '09.jpeg', '010.jpeg', '011.jpeg', '012.jpeg', '013.jpeg']",true,13,10,0,11,"{'children': '1', 'elders': '1', 'female': '3', 'males': '5'}"
12,0,12.777072882986387,77.57220205391185,5bc7610f5c1995331e554999,"['03.jpg', '04.jpg', '05.jpg', '06.jpeg', '07.jpeg', '08.jpeg', '09.jpeg', '010.jpeg', '011.jpeg', '012.jpeg', '013.jpeg']",false,13,4,1,12,"{'children': '0', 'elders': '1', 'female': '3', 'males': '0'}"
13,0,12.780227868965213,77.57258692398906,5bc7610f5c1995331e55499a,"['03.jpg', '04.jpg', '05.jpg', '06.jpeg', '07.jpeg', '08.jpeg', '09.jpeg', '010.jpeg', '011.jpeg', '012.jpeg', '013.jpeg']",false,13,9,2,13,"{'children': '1', 'elders': '1', 'female': '2', 'males': '5'}"
14,0,12.77668208853219,77.57113826903766,5bc7610f5c1995331e55499b,"['03.jpg', '04.jpg', '05.jpg', '06.jpeg', '07.jpeg', '08.jpeg', '09.jpeg', '010.jpeg', '011.jpeg', '012.jpeg', '013.jpeg']",false,13,5,2,14,"{'children': '0', 'elders': '0', 'female': '2', 'males': '3'}"
15,0,12.77900716617107,77.57100215696221,5bc7610f5c1995331e55499c,"['03.jpg', '04.jpg', '05.jpg', '06.jpeg', '07.jpeg', '08.jpeg', '09.jpeg', '010.jpeg', '011.jpeg', '012.jpeg', '013.jpeg']",false,13,6,2,15,"{'children': '2', 'elders': '1', 'female': '2', 'males': '1'}"
16,0,12.78052963517471,77.57322177145105,5bc7610f5c1995331e55499d,"['03.jpg', '04.jpg', '05.jpg', '06.jpeg', '07.jpeg', '08.jpeg', '09.jpeg', '010.jpeg', '011.jpeg', '012.jpeg', '013.jpeg']",false,13,6,2,16,"{'children': '0', 'elders': '0', 'female': '2', 'males': '4'}"
17,0,12.781427044452856,77.57338605641709,5bc7610f5c1995331e55499e,"['03.jpg', '04.jpg', '05.jpg', '06.jpeg', '07.jpeg', '08.jpeg', '09.jpeg', '010.jpeg', '011.jpeg', '012.jpeg', '013.jpeg']",false,13,7,2,17,"{'children': '2', 'elders': '0', 'female': '3', 'males': '2'}"
18,0,12.78104962201323,77.57041622365169,5bc7610f5c1995331e55499f,"['03.jpg', '04.jpg', '05.jpg', '06.jpeg', '07.jpeg', '08.jpeg', '09.jpeg', '010.jpeg', '011.jpeg', '012.jpeg', '013.jpeg']",false,13,4,1,18,"{'children': '1', 'elders': '1', 'female': '0', 'males': '2'}"
19,0,12.778875392868304,77.57563470677098,5bc7610f5c1995331e5549a0,"['03.jpg', '04.jpg', '05.jpg', '06.jpeg', '07.jpeg', '08.jpeg', '09.jpeg', '010.jpeg', '011.jpeg', '012.jpeg', '013.jpeg']",false,13,5,2,19,"{'children': '2', 'elders': '1', 'female': '0', 'males': '2'}"
20,0,12.777728503685145,77.57558723112369,5bc7610f5c1995331e5549a1,"['03.jpg', '04.jpg', '05.jpg', '06.jpeg', '07.jpeg', '08.jpeg', '09.jpeg', '010.jpeg', '011.jpeg', '012.jpeg', '013.jpeg']",false,13,8,2,20,"{'children': '2', 'elders': '0', 'female': '1', 'males': '5'}"
21,0,12.777896167971955,77.57035781143398,5bc7610f5c1995331e5549a2,"['03.jpg', '04.jpg', '05.jpg', '06.jpeg', '07.jpeg', '08.jpeg', '09.jpeg', '010.jpeg', '011.jpeg', '012.jpeg', '013.jpeg']",false,13,7,2,21,"{'children': '2', 'elders': '0', 'female': '3', 'males': '2'}"
22,0,12.777325926147046,77.57424627236703,5bc7610f5c1995331e5549a3,"['03.jpg', '04.jpg', '05.jpg', '06.jpeg', '07.jpeg', '08.jpeg', '09.jpeg', '010.jpeg', '011.jpeg', '012.jpeg', '013.jpeg']",false,13,5,2,22,"{'children': '1', 'elders': '1', 'female': '3', 'males': '0'}"
23,0,12.935470620972113,77.68695446578424,5bc7610f5c1995331e5549a4,"['03.jpg', '04.jpg', '05.jpg', '06.jpeg', '07.jpeg', '08.jpeg', '09.jpeg', '010.jpeg', '011.jpeg', '012.jpeg', '013.jpeg']",true,13,3,0,23,"{'children': '0', 'elders': '1', 'female': '1', 'males': '1'}"
24,0,12.927377654703712,77.69514389156356,5bc7610f5c1995331e5549a5,"['03.jpg', '04.jpg', '05.jpg', '06.jpeg', '07.jpeg', '08.jpeg', '09.jpeg', '010.jpeg', '011.jpeg', '012.jpeg', '013.jpeg']",true,13,6,0,24,"{'children': '1', 'elders': '0', 'female': '2', 'males': '3'}"
25,0,12.932695639102139,77.69785297298867,5bc7610f5c1995331e5549a6,"['03.jpg', '04.jpg', '05.jpg', '06.jpeg', '07.jpeg', '08.jpeg', '09.jpeg', '010.jpeg', '011.jpeg', '012.jpeg', '013.jpeg']",true,13,5,0,25,"{'children': '0', 'elders': '1', 'female': '0', 'males': '4'}"
26,0,12.935321403597571,77.69363541168204,5bc7610f5c1995331e5549a7,"['03.jpg', '04.jpg', '05.jpg', '06.jpeg', '07.jpeg', '08.jpeg', '09.jpeg', '010.jpeg', '011.jpeg', '012.jpeg', '013.jpeg']",true,13,4,0,26,"{'children': '1', 'elders': '0', 'female': '1', 'males': '2'}"
27,0,12.929525357931249,77.68406061314387,5bc7610f5c1995331e5549a8,"['03.jpg', '04.jpg', '05.jpg', '06.jpeg', '07.jpeg', '08.jpeg', '09.jpeg', '010.jpeg', '011.jpeg', '012.jpeg', '013.jpeg']",true,13,4,0,27,"{'children': '1', 'elders': '0', 'female': '2', 'males': '1'}"
28,0,12.925378044457533,77.69645928651512,5bc7610f5c1995331e5549a9,"['03.jpg', '04.jpg', '05.jpg', '06.jpeg', '07.jpeg', '08.jpeg', '09.jpeg', '010.jpeg', '011.jpeg', '012.jpeg', '013.jpeg']",true,13,9,0,28,"{'children': '0', 'elders': '1', 'female': '3', 'males': '5'}"
29,0,12.928360150831322,77.69870990040431,5bc7610f5c1995331e5549aa,"['03.jpg', '04.jpg', '05.jpg', '06.jpeg', '07.jpeg', '08.jpeg', '09.jpeg', '010.jpeg', '011.jpeg', '012.jpeg', '013.jpeg']",true,13,8,0,29,"{'children': '2', 'elders': '1', 'female': '0', 'males': '5'}"
30,0,12.934087776136215,77.68804818662413,5bc7610f5c1995331e5549ab,"['03.jpg', '04.jpg', '05.jpg', '06.jpeg', '07.jpeg', '08.jpeg', '09.jpeg', '010.jpeg', '011.jpeg', '012.jpeg', '013.jpeg']",true,13,7,0,30,"{'children': '1', 'elders': '1', 'female': '0', 'males': '5'}"
31,0,12.928330673506494,77.69330350576622,5bc7610f5c1995331e5549ac,"['03.jpg', '04.jpg', '05.jpg', '06.jpeg', '07.jpeg', '08.jpeg', '09.jpeg', '010.jpeg', '011.jpeg', '012.jpeg', '013.jpeg']",true,13,8,0,31,"{'children': '2', 'elders': '1', 'female': '2', 'males': '3'}"
32,0,12.922598639949973,77.69069976642821,5bc7610f5c1995331e5549ad,"['03.jpg', '04.jpg', '05.jpg', '06.jpeg', '07.jpeg', '08.jpeg', '09.jpeg', '010.jpeg', '011.jpeg', '012.jpeg', '013.jpeg']",true,13,6,0,32,"{'children': '0', 'elders': '1', 'female': '3', 'males': '2'}"
33,0,12.934453759772895,77.69472233418409,5bc7610f5c1995331e5549ae,"['03.jpg', '04.jpg', '05.jpg', '06.jpeg', '07.jpeg', '08.jpeg', '09.jpeg', '010.jpeg', '011.jpeg', '012.jpeg', '013.jpeg']",true,13,8,0,33,"{'children': '2', 'elders': '0', 'female': '3', 'males': '3'}"
34,0,12.934860150283313,77.69033355301286,5bc7610f5c1995331e5549af,"['03.jpg', '04.jpg', '05.jpg', '06.jpeg', '07.jpeg', '08.jpeg', '09.jpeg', '010.jpeg', '011.jpeg', '012.jpeg', '013.jpeg']",true,13,9,0,34,"{'children': '2', 'elders': '1', 'female': '2', 'males': '4'}"
35,0,12.930911083497849,77.69560114514195,5bc7610f5c1995331e5549b0,"['03.jpg', '04.jpg', '05.jpg', '06.jpeg', '07.jpeg', '08.jpeg', '09.jpeg', '010.jpeg', '011.jpeg', '012.jpeg', '013.jpeg']",true,13,9,0,35,"{'children': '2', 'elders': '1', 'female': '2', 'males': '4'}"
36,0,12.927080388335009,77.69811798328764,5bc7610f5c1995331e5549b1,"['03.jpg', '04.jpg', '05.jpg', '06.jpeg', '07.jpeg', '08.jpeg', '09.jpeg', '010.jpeg', '011.jpeg', '012.jpeg', '013.jpeg']",true,13,8,0,36,"{'children': '2', 'elders': '1', 'female': '0', 'males': '5'}"
37,0,12.933165650526641,77.69372231500074,5bc7610f5c1995331e5549b2,"['03.jpg', '04.jpg', '05.jpg', '06.jpeg', '07.jpeg', '08.jpeg', '09.jpeg', '010.jpeg', '011.jpeg', '012.jpeg', '013.jpeg']",true,13,5,0,37,"{'children': '0', 'elders': '0', 'female': '0', 'males': '5'}"
38,0,12.937072521670089,77.69335654119084,5bc7610f5c1995331e5549b3,"['03.jpg', '04.jpg', '05.jpg', '06.jpeg', '07.jpeg', '08.jpeg', '09.jpeg', '010.jpeg', '011.jpeg', '012.jpeg', '013.jpeg']",true,13,5,0,38,"{'children': '2', 'elders': '0', 'female': '3', 'males': '0'}"
39,0,12.922136874540975,77.6898246327058,5bc7610f5c1995331e5549b4,"['03.jpg', '04.jpg', '05.jpg', '06.jpeg', '07.jpeg', '08.jpeg', '09.jpeg', '010.jpeg', '011.jpeg', '012.jpeg', '013.jpeg']",true,13,7,0,39,"{'children': '2', 'elders': '1', 'female': '1', 'males': '3'}"
40,0,12.935072567482756,77.69698588019669,5bc7610f5c1995331e5549b5,"['03.jpg', '04.jpg', '05.jpg', '06.jpeg', '07.jpeg', '08.jpeg', '09.jpeg', '010.jpeg', '011.jpeg', '012.jpeg', '013.jpeg']",true,13,7,0,40,"{'children': '0', 'elders': '0', 'female': '2', 'males': '5'}"
41,0,12.933450494461574,77.6941235273794,5bc7610f5c1995331e5549b6,"['03.jpg', '04.jpg', '05.jpg', '06.jpeg', '07.jpeg', '08.jpeg', '09.jpeg', '010.jpeg', '011.jpeg', '012.jpeg', '013.jpeg']",true,13,8,0,41,"{'children': '2', 'elders': '0', 'female': '3', 'males': '3'}"
42,0,12.921745779587965,77.68902639741813,5bc7610f5c1995331e5549b7,"['03.jpg', '04.jpg', '05.jpg', '06.jpeg', '07.jpeg', '08.jpeg', '09.jpeg', '010.jpeg', '011.jpeg', '012.jpeg', '013.jpeg']",true,13,5,0,42,"{'children': '1', 'elders': '0', 'female': '3', 'males': '1'}"
43,0,12.926598926192653,77.68894521735275,5bc7610f5c1995331e5549b8,"['03.jpg', '04.jpg', '05.jpg', '06.jpeg', '07.jpeg', '08.jpeg', '09.jpeg', '010.jpeg', '011.jpeg', '012.jpeg', '013.jpeg']",true,13,4,0,43,"{'children': '2', 'elders': '0', 'female': '1', 'males': '1'}"
44,0,12.926890325704136,77.68826891030207,5bc7610f5c1995331e5549b9,"['03.jpg', '04.jpg', '05.jpg', '06.jpeg', '07.jpeg', '08.jpeg', '09.jpeg', '010.jpeg', '011.jpeg', '012.jpeg', '013.jpeg']",true,13,2,0,44,"{'children': '0', 'elders': '0', 'female': '1', 'males': '1'}"
45,0,12.933244566300935,77.6916603676997,5bc7610f5c1995331e5549ba,"['03.jpg', '04.jpg', '05.jpg', '06.jpeg', '07.jpeg', '08.jpeg', '09.jpeg', '010.jpeg', '011.jpeg', '012.jpeg', '013.jpeg']",true,13,7,0,45,"{'children': '1', 'elders': '1', 'female': '3', 'males': '2'}"
46,0,12.9308384394276,77.69675683702026,5bc7610f5c1995331e5549bb,"['03.jpg', '04.jpg', '05.jpg', '06.jpeg', '07.jpeg', '08.jpeg', '09.jpeg', '010.jpeg', '011.jpeg', '012.jpeg', '013.jpeg']",true,13,4,0,46,"{'children': '0', 'elders': '0', 'female': '3', 'males': '1'}"
47,0,12.933532034029374,77.68874266514308,5bc7610f5c1995331e5549bc,"['03.jpg', '04.jpg', '05.jpg', '06.jpeg', '07.jpeg', '08.jpeg', '09.jpeg', '010.jpeg', '011.jpeg', '012.jpeg', '013.jpeg']",true,13,3,0,47,"{'children': '0', 'elders': '0', 'female': '3', 'males': '0'}"
48,0,12.93091006223402,77.6979885632197,5bc7610f5c1995331e5549bd,"['03.jpg', '04.jpg', '05.jpg', '06.jpeg', '07.jpeg', '08.jpeg', '09.jpeg', '010.jpeg', '011.jpeg', '012.jpeg', '013.jpeg']",true,13,5,0,48,"{'children': '2', 'elders': '0', 'female': '3', 'males': '0'}"
49,0,12.92652662705505,77.69026921704825,5bc7610f5c1995331e5549be,"['03.jpg', '04.jpg', '05.jpg', '06.jpeg', '07.jpeg', '08.jpeg', '09.jpeg', '010.jpeg', '011.jpeg', '012.jpeg', '013.jpeg']",true,13,2,0,49,"{'children': '2', 'elders': '0', 'female': '0', 'males': '0'}"
50,0,12.931474730011944,77.6888972134917,5bc7610f5c1995331e5549bf,"['03.jpg', '04.jpg', '05.jpg', '06.jpeg', '07.jpeg', '08.jpeg', '09.jpeg', '010.jpeg', '011.jpeg', '012.jpeg', '013.jpeg']",true,13,6,0,50,"{'children': '2', 'elders': '1', 'female': '0', 'males': '3'}"
51,0,12.923761170724394,77.69234732646007,5bc7610f5c1995331e5549c0,"['03.jpg', '04.jpg', '05.jpg', '06.jpeg', '07.jpeg', '08.jpeg', '09.jpeg', '010.jpeg', '011.jpeg', '012.jpeg', '013.jpeg']",true,13,1,0,51,"{'children': '0', 'elders': '0', 'female': '1', 'males': '0'}"
52,0,12.924411605051224,77.69158825350483,5bc7610f5c1995331e5549c1,"['03.jpg', '04.jpg', '05.jpg', '06.jpeg', '07.jpeg', '08.jpeg', '09.jpeg', '010.jpeg', '011.jpeg', '012.jpeg', '013.jpeg']",true,13,3,0,52,"{'children': '0', 'elders': '1', 'female': '2', 'males': '0'}"
53,0,12.934982812489883,77.68641486853927,5bc7610f5c1995331e5549c2,"['03.jpg', '04.jpg', '05.jpg', '06.jpeg', '07.jpeg', '08.jpeg', '09.jpeg', '010.jpeg', '011.jpeg', '012.jpeg', '013.jpeg']",true,13,6,0,53,"{'children': '1', 'elders': '0', 'female': '3', 'males': '2'}"
54,0,12.935728250394757,77.68513450780499,5bc7610f5c1995331e5549c3,"['03.jpg', '04.jpg', '05.jpg', '06.jpeg', '07.jpeg', '08.jpeg', '09.jpeg', '010.jpeg', '011.jpeg', '012.jpeg', '013.jpeg']",true,13,6,0,54,"{'children': '1', 'elders': '1', 'female': '3', 'males': '1'}"
55,0,12.930360936393152,77.70060269567277,5bc7610f5c1995331e5549c4,"['03.jpg', '04.jpg', '05.jpg', '06.jpeg', '07.jpeg', '08.jpeg', '09.jpeg', '010.jpeg', '011.jpeg', '012.jpeg', '013.jpeg']",true,13,7,0,55,"{'children': '2', 'elders': '1', 'female': '0', 'males': '4'}"
56,0,12.927538249006199,77.69239189182146,5bc7610f5c1995331e5549c5,"['03.jpg', '04.jpg', '05.jpg', '06.jpeg', '07.jpeg', '08.jpeg', '09.jpeg', '010.jpeg', '011.jpeg', '012.jpeg', '013.jpeg']",true,13,9,0,56,"{'children': '2', 'elders': '0', 'female': '2', 'males': '5'}"
57,0,12.929211707757444,77.70054582718967,5bc7610f5c1995331e5549c6,"['03.jpg', '04.jpg', '05.jpg', '06.jpeg', '07.jpeg', '08.jpeg', '09.jpeg', '010.jpeg', '011.jpeg', '012.jpeg', '013.jpeg']",true,13,7,0,57,"{'children': '2', 'elders': '1', 'female': '1', 'males': '3'}"
58,0,12.926489308381546,77.69026537191434,5bc7610f5c1995331e5549c7,"['03.jpg', '04.jpg', '05.jpg', '06.jpeg', '07.jpeg', '08.jpeg', '09.jpeg', '010.jpeg', '011.jpeg', '012.jpeg', '013.jpeg']",true,13,6,0,58,"{'children': '1', 'elders': '1', 'female': '3', 'males': '1'}"
59,0,12.930154320235966,77.6865735726867,5bc7610f5c1995331e5549c8,"['03.jpg', '04.jpg', '05.jpg', '06.jpeg', '07.jpeg', '08.jpeg', '09.jpeg', '010.jpeg', '011.jpeg', '012.jpeg', '013.jpeg']",true,13,6,0,59,"{'children': '0', 'elders': '1', 'female': '3', 'males': '2'}"
60,0,13.005197357507482,77.63518433544351,5bc7610f5c1995331e5549c9,"['03.jpg', '04.jpg', '05.jpg', '06.jpeg', '07.jpeg', '08.jpeg', '09.jpeg', '010.jpeg', '011.jpeg', '012.jpeg', '013.jpeg']",false,13,6,2,60,"{'children': '1', 'elders': '1', 'female': '3', 'males': '1'}"
61,0,13.013285247070534,77.63317483980569,5bc7610f5c1995331e5549ca,"['03.jpg', '04.jpg', '05.jpg', '06.jpeg', '07.jpeg', '08.jpeg', '09.jpeg', '010.jpeg', '011.jpeg', '012.jpeg', '013.jpeg']",false,13,7,2,61,"{'children': '0', 'elders': '1', 'female': '2', 'males': '4'}"
62,0,12.998811211203787,77.64197105729174,5bc7610f5c1995331e5549cb,"['03.jpg', '04.jpg', '05.jpg', '06.jpeg', '07.jpeg', '08.jpeg', '09.jpeg', '010.jpeg', '011.jpeg', '012.jpeg', '013.jpeg']",false,13,4,1,62,"{'children': '0', 'elders': '0', 'female': '1', 'males': '3'}"
63,0,13.013138021821813,77.63630314207698,5bc7610f5c1995331e5549cc,"['03.jpg', '04.jpg', '05.jpg', '06.jpeg', '07.jpeg', '08.jpeg', '09.jpeg', '010.jpeg', '011.jpeg', '012.jpeg', '013.jpeg']",false,13,4,1,63,"{'children': '1', 'elders': '0', 'female': '1', 'males': '2'}"
64,0,13.000251405241931,77.63536786298984,5bc7610f5c1995331e5549cd,"['03.jpg', '04.jpg', '05.jpg', '06.jpeg', '07.jpeg', '08.jpeg', '09.jpeg', '010.jpeg', '011.jpeg', '012.jpeg', '013.jpeg']",false,13,2,0,64,"{'children': '2', 'elders': '0', 'female': '0', 'males': '0'}"
65,0,13.007762620363913,77.62770839565579,5bc7610f5c1995331e5549ce,"['03.jpg', '04.jpg', '05.jpg', '06.jpeg', '07.jpeg', '08.jpeg', '09.jpeg', '010.jpeg', '011.jpeg', '012.jpeg', '013.jpeg']",false,13,2,0,65,"{'children': '1', 'elders': '0', 'female': '1', 'males': '0'}"
66,0,12.999855614478204,77.64314590559532,5bc7610f5c1995331e5549cf,"['03.jpg', '04.jpg', '05.jpg', '06.jpeg', '07.jpeg', '08.jpeg', '09.jpeg', '010.jpeg', '011.jpeg', '012.jpeg', '013.jpeg']",false,13,7,2,66,"{'children': '2', 'elders': '1', 'female': '2', 'males': '2'}"
67,0,13.004298672159734,77.63974395381467,5bc7610f5c1995331e5549d0,"['03.jpg', '04.jpg', '05.jpg', '06.jpeg', '07.jpeg', '08.jpeg', '09.jpeg', '010.jpeg', '011.jpeg', '012.jpeg', '013.jpeg']",false,13,6,2,67,"{'children': '1', 'elders': '1', 'female': '2', 'males': '2'}"
68,0,13.020050624010553,77.63474239417667,5bc7610f5c1995331e5549d1,"['03.jpg', '04.jpg', '05.jpg', '06.jpeg', '07.jpeg', '08.jpeg', '09.jpeg', '010.jpeg', '011.jpeg', '012.jpeg', '013.jpeg']",false,13,2,0,68,"{'children': '1', 'elders': '0', 'female': '0', 'males': '1'}"
69,0,13.01811396517437,77.63743351323433,5bc7610f5c1995331e5549d2,"['03.jpg', '04.jpg', '05.jpg', '06.jpeg', '07.jpeg', '08.jpeg', '09.jpeg', '010.jpeg', '011.jpeg', '012.jpeg', '013.jpeg']",false,13,8,2,69,"{'children': '0', 'elders': '1', 'female': '2', 'males': '5'}"
70,0,13.008102227916565,77.6324797296967,5bc7610f5c1995331e5549d3,"['03.jpg', '04.jpg', '05.jpg', '06.jpeg', '07.jpeg', '08.jpeg', '09.jpeg', '010.jpeg', '011.jpeg', '012.jpeg', '013.jpeg']",false,13,4,1,70,"{'children': '0', 'elders': '0', 'female': '0', 'males': '4'}"
71,0,12.998412356119655,77.64584777539169,5bc7610f5c1995331e5549d4,"['03.jpg', '04.jpg', '05.jpg', '06.jpeg', '07.jpeg', '08.jpeg', '09.jpeg', '010.jpeg', '011.jpeg', '012.jpeg', '013.jpeg']",false,13,7,2,71,"{'children': '1', 'elders': '0', 'female': '3', 'males': '3'}"
72,0,13.019395894068733,77.6324338864131,5bc7610f5c1995331e5549d5,"['03.jpg', '04.jpg', '05.jpg', '06.jpeg', '07.jpeg', '08.jpeg', '09.jpeg', '010.jpeg', '011.jpeg', '012.jpeg', '013.jpeg']",false,13,2,0,72,"{'children': '0', 'elders': '1', 'female': '1', 'males': '0'}"
73,0,13.004865706786726,77.63926551604267,5bc7610f5c1995331e5549d6,"['03.jpg', '04.jpg', '05.jpg', '06.jpeg', '07.jpeg', '08.jpeg', '09.jpeg', '010.jpeg', '011.jpeg', '012.jpeg', '013.jpeg']",false,13,5,2,73,"{'children': '2', 'elders': '1', 'female': '0', 'males': '2'}"
74,0,13.003532428997994,77.63223820739131,5bc7610f5c1995331e5549d7,"['03.jpg', '04.jpg', '05.jpg', '06.jpeg', '07.jpeg', '08.jpeg', '09.jpeg', '010.jpeg', '011.jpeg', '012.jpeg', '013.jpeg']",false,13,8,2,74,"{'children': '0', 'elders': '0', 'female': '3', 'males': '5'}"
75,0,13.004632803759375,77.63127700941166,5bc7610f5c1995331e5549d8,"['03.jpg', '04.jpg', '05.jpg', '06.jpeg', '07.jpeg', '08.jpeg', '09.jpeg', '010.jpeg', '011.jpeg', '012.jpeg', '013.jpeg']",false,13,4,1,75,"{'children': '0', 'elders': '0', 'female': '2', 'males': '2'}"
76,0,13.007678044854254,77.62931991026024,5bc7610f5c1995331e5549d9,"['03.jpg', '04.jpg', '05.jpg', '06.jpeg', '07.jpeg', '08.jpeg', '09.jpeg', '010.jpeg', '011.jpeg', '012.jpeg', '013.jpeg']",false,13,7,2,76,"{'children': '2', 'elders': '0', 'female': '3', 'males': '2'}"
77,0,13.005730084591315,77.63268129038647,5bc7610f5c1995331e5549da,"['03.jpg', '04.jpg', '05.jpg', '06.jpeg', '07.jpeg', '08.jpeg', '09.jpeg', '010.jpeg', '011.jpeg', '012.jpeg', '013.jpeg']",false,13,8,2,77,"{'children': '2', 'elders': '1', 'female': '1', 'males': '4'}"
78,0,12.997144348017876,77.6455249758488,5bc7610f5c1995331e5549db,"['03.jpg', '04.jpg', '05.jpg', '06.jpeg', '07.jpeg', '08.jpeg', '09.jpeg', '010.jpeg', '011.jpeg', '012.jpeg', '013.jpeg']",false,13,6,2,78,"{'children': '1', 'elders': '0', 'female': '1', 'males': '4'}"
79,0,13.010365491124633,77.6251356518392,5bc7610f5c1995331e5549dc,"['03.jpg', '04.jpg', '05.jpg', '06.jpeg', '07.jpeg', '08.jpeg', '09.jpeg', '010.jpeg', '011.jpeg', '012.jpeg', '013.jpeg']",false,13,4,1,79,"{'children': '1', 'elders': '0', 'female': '0', 'males': '3'}"
80,0,13.014463403827849,77.6312705119541,5bc7610f5c1995331e5549dd,"['03.jpg', '04.jpg', '05.jpg', '06.jpeg', '07.jpeg', '08.jpeg', '09.jpeg', '010.jpeg', '011.jpeg', '012.jpeg', '013.jpeg']",false,13,9,2,80,"{'children': '2', 'elders': '1', 'female': '3', 'males': '3'}"
81,0,13.002966282947217,77.64100517192061,5bc7610f5c1995331e5549de,"['03.jpg', '04.jpg', '05.jpg', '06.jpeg', '07.jpeg', '08.jpeg', '09.jpeg', '010.jpeg', '011.jpeg', '012.jpeg', '013.jpeg']",false,13,4,1,81,"{'children': '0', 'elders': '1', 'female': '0', 'males': '3'}"
82,0,13.00273457179082,77.63740541597659,5bc7610f5c1995331e5549df,"['03.jpg', '04.jpg', '05.jpg', '06.jpeg', '07.jpeg', '08.jpeg', '09.jpeg', '010.jpeg', '011.jpeg', '012.jpeg', '013.jpeg']",false,13,1,0,82,"{'children': '0', 'elders': '0', 'female': '0', 'males': '1'}"
83,0,13.019611248495874,77.63770413652311,5bc7610f5c1995331e5549e0,"['03.jpg', '04.jpg', '05.jpg', '06.jpeg', '07.jpeg', '08.jpeg', '09.jpeg', '010.jpeg', '011.jpeg', '012.jpeg', '013.jpeg']",false,13,5,2,83,"{'children': '1', 'elders': '1', 'female': '3', 'males': '0'}"
84,0,12.999761713702235,77.644821465188,5bc7610f5c1995331e5549e1,"['03.jpg', '04.jpg', '05.jpg', '06.jpeg', '07.jpeg', '08.jpeg', '09.jpeg', '010.jpeg', '011.jpeg', '012.jpeg', '013.jpeg']",false,13,8,2,84,"{'children': '2', 'elders': '1', 'female': '1', 'males': '4'}"
85,0,13.017168147743226,77.63291171791353,5bc7610f5c1995331e5549e2,"['03.jpg', '04.jpg', '05.jpg', '06.jpeg', '07.jpeg', '08.jpeg', '09.jpeg', '010.jpeg', '011.jpeg', '012.jpeg', '013.jpeg']",false,13,8,2,85,"{'children': '2', 'elders': '1', 'female': '1', 'males': '4'}"
86,0,13.012746720552625,77.63388995132316,5bc7610f5c1995331e5549e3,"['03.jpg', '04.jpg', '05.jpg', '06.jpeg', '07.jpeg', '08.jpeg', '09.jpeg', '010.jpeg', '011.jpeg', '012.jpeg', '013.jpeg']",false,13,5,2,86,"{'children': '0', 'elders': '0', 'female': '0', 'males': '5'}"
87,0,12.998940870006196,77.64218251830869,5bc7610f5c1995331e5549e4,"['03.jpg', '04.jpg', '05.jpg', '06.jpeg', '07.jpeg', '08.jpeg', '09.jpeg', '010.jpeg', '011.jpeg', '012.jpeg', '013.jpeg']",false,13,6,2,87,"{'children': '2', 'elders': '1', 'female': '3', 'males': '0'}"
88,0,13.018727557020553,77.63495270259057,5bc7610f5c1995331e5549e5,"['03.jpg', '04.jpg', '05.jpg', '06.jpeg', '07.jpeg', '08.jpeg', '09.jpeg', '010.jpeg', '011.jpeg', '012.jpeg', '013.jpeg']",false,13,7,2,88,"{'children': '1', 'elders': '1', 'female': '1', 'males': '4'}"
89,0,13.008714216083973,77.63391715835465,5bc7610f5c1995331e5549e6,"['03.jpg', '04.jpg', '05.jpg', '06.jpeg', '07.jpeg', '08.jpeg', '09.jpeg', '010.jpeg', '011.jpeg', '012.jpeg', '013.jpeg']",false,13,2,0,89,"{'children': '2', 'elders': '0', 'female': '0', 'males': '0'}"
90,0,13.002583662576525,77.63789680163829,5bc7610f5c1995331e5549e7,"['03.jpg', '04.jpg', '05.jpg', '06.jpeg', '07.jpeg', '08.jpeg', '09.jpeg', '010.jpeg', '011.jpeg', '012.jpeg', '013.jpeg']",false,13,3,1,90,"{'children': '1', 'elders': '0', 'female': '0', 'males': '2'}"
91,0,13.005972497891946,77.62864497258644,5bc7610f5c1995331e5549e8,"['03.jpg', '04.jpg', '05.jpg', '06.jpeg', '07.jpeg', '08.jpeg', '09.jpeg', '010.jpeg', '011.jpeg', '012.jpeg', '013.jpeg']",false,13,3,1,91,"{'children': '0', 'elders': '0', 'female': '2', 'males': '1'}"
92,0,12.998711954543655,77.637653995402,5bc7610f5c1995331e5549e9,"['03.jpg', '04.jpg', '05.jpg', '06.jpeg', '07.jpeg', '08.jpeg', '09.jpeg', '010.jpeg', '011.jpeg', '012.jpeg', '013.jpeg']",false,13,5,2,92,"{'children': '1', 'elders': '0', 'female': '2', 'males': '2'}"
93,0,13.009241508042743,77.63539126995863,5bc7610f5c1995331e5549ea,"['03.jpg', '04.jpg', '05.jpg', '06.jpeg', '07.jpeg', '08.jpeg', '09.jpeg', '010.jpeg', '011.jpeg', '012.jpeg', '013.jpeg']",false,13,3,1,93,"{'children': '0', 'elders': '0', 'female': '1', 'males': '2'}"
94,0,13.017309754241849,77.63500831056112,5bc7610f5c1995331e5549eb,"['03.jpg', '04.jpg', '05.jpg', '06.jpeg', '07.jpeg', '08.jpeg', '09.jpeg', '010.jpeg', '011.jpeg', '012.jpeg', '013.jpeg']",false,13,5,2,94,"{'children': '1', 'elders': '1', 'female': '3', 'males': '0'}"
95,0,13.000976055613954,77.63585870579331,5bc7610f5c1995331e5549ec,"['03.jpg', '04.jpg', '05.jpg', '06.jpeg', '07.jpeg', '08.jpeg', '09.jpeg', '010.jpeg', '011.jpeg', '012.jpeg', '013.jpeg']",false,13,3,1,95,"{'children': '1', 'elders': '1', 'female': '1', 'males': '0'}"
96,0,12.99758555857898,77.64087350279065,5bc7610f5c1995331e5549ed,"['03.jpg', '04.jpg', '05.jpg', '06.jpeg', '07.jpeg', '08.jpeg', '09.jpeg', '010.jpeg', '011.jpeg', '012.jpeg', '013.jpeg']",false,13,8,2,96,"{'children': '2', 'elders': '1', 'female': '0', 'males': '5'}"
97,0,13.00161826835762,77.64095555706325,5bc7610f5c1995331e5549ee,"['03.jpg', '04.jpg', '05.jpg', '06.jpeg', '07.jpeg', '08.jpeg', '09.jpeg', '010.jpeg', '011.jpeg', '012.jpeg', '013.jpeg']",false,13,6,2,97,"{'children': '1', 'elders': '0', 'female': '1', 'males': '4'}"
98,0,13.001373065306476,77.63377738405092,5bc7610f5c1995331e5549ef,"['03.jpg', '04.jpg', '05.jpg', '06.jpeg', '07.jpeg', '08.jpeg', '09.jpeg', '010.jpeg', '011.jpeg', '012.jpeg', '013.jpeg']",false,13,3,1,98,"{'children': '0', 'elders': '1', 'female': '2', 'males': '0'}"
99,0,13.008253960304804,77.62530940214553,5bc7610f5c1995331e5549f0,"['03.jpg', '04.jpg', '05.jpg', '06.jpeg', '07.jpeg', '08.jpeg', '09.jpeg', '010.jpeg', '011.jpeg', '012.jpeg', '013.jpeg']",false,13,5,2,99,"{'children': '1', 'elders': '1', 'female': '3', 'males': '0'}"
100,0,12.999643410248039,77.64093817250685,5bc7610f5c1995331e5549f1,"['03.jpg', '04.jpg', '05.jpg', '06.jpeg', '07.jpeg', '08.jpeg', '09.jpeg', '010.jpeg', '011.jpeg', '012.jpeg', '013.jpeg']",false,13,4,1,100,"{'children': '2', 'elders': '0', 'female': '0', 'males': '2'}"
101,0,13.01594601466266,77.63060356171533,5bc7610f5c1995331e5549f2,"['03.jpg', '04.jpg', '05.jpg', '06.jpeg', '07.jpeg', '08.jpeg', '09.jpeg', '010.jpeg', '011.jpeg', '012.jpeg', '013.jpeg']",false,13,4,1,101,"{'children': '1', 'elders': '1', 'female': '0', 'males': '2'}"
102,0,12.998729090854964,77.63665265183155,5bc7610f5c1995331e5549f3,"['03.jpg', '04.jpg', '05.jpg', '06.jpeg', '07.jpeg', '08.jpeg', '09.jpeg', '010.jpeg', '011.jpeg', '012.jpeg', '013.jpeg']",false,13,4,1,102,"{'children': '0', 'elders': '0', 'female': '0', 'males': '4'}"
103,0,13.008940310329669,77.6300501077053,5bc7610f5c1995331e5549f4,"['03.jpg', '04.jpg', '05.jpg', '06.jpeg', '07.jpeg', '08.jpeg', '09.jpeg', '010.jpeg', '011.jpeg', '012.jpeg', '013.jpeg']",false,13,5,2,103,"{'children': '1', 'elders': '0', 'female': '2', 'males': '2'}"
104,0,13.009970760182965,77.62979604048728,5bc7610f5c1995331e5549f5,"['03.jpg', '04.jpg', '05.jpg', '06.jpeg', '07.jpeg', '08.jpeg', '09.jpeg', '010.jpeg', '011.jpeg', '012.jpeg', '013.jpeg']",false,13,5,2,104,"{'children': '1', 'elders': '1', 'female': '3', 'males': '0'}"
105,0,13.011606088342333,77.63055229434106,5bc7610f5c1995331e5549f6,"['03.jpg', '04.jpg', '05.jpg', '06.jpeg', '07.jpeg', '08.jpeg', '09.jpeg', '010.jpeg', '011.jpeg', '012.jpeg', '013.jpeg']",false,13,5,2,105,"{'children': '2', 'elders': '1', 'female': '2', 'males': '0'}"
106,0,13.012623581697676,77.62995723153759,5bc7610f5c1995331e5549f7,"['03.jpg', '04.jpg', '05.jpg', '06.jpeg', '07.jpeg', '08.jpeg', '09.jpeg', '010.jpeg', '011.jpeg', '012.jpeg', '013.jpeg']",false,13,7,2,106,"{'children': '2', 'elders': '1', 'female': '1', 'males': '3'}"
107,0,12.9237717313792,77.4632232608339,5bc7610f5c1995331e5549f8,"['03.jpg', '04.jpg', '05.jpg', '06.jpeg', '07.jpeg', '08.jpeg', '09.jpeg', '010.jpeg', '011.jpeg', '012.jpeg', '013.jpeg']",true,13,8,0,107,"{'children': '2', 'elders': '0', 'female': '2', 'males': '4'}"
108,0,12.932177875756409,77.4640173959634,5bc7610f5c1995331e5549f9,"['03.jpg', '04.jpg', '05.jpg', '06.jpeg', '07.jpeg', '08.jpeg', '09.jpeg', '010.jpeg', '011.jpeg', '012.jpeg', '013.jpeg']",true,13,4,0,108,"{'children': '2', 'elders': '0', 'female': '1', 'males': '1'}"
109,0,12.924081394422196,77.46758916078348,5bc7610f5c1995331e5549fa,"['03.jpg', '04.jpg', '05.jpg', '06.jpeg', '07.jpeg', '08.jpeg', '09.jpeg', '010.jpeg', '011.jpeg', '012.jpeg', '013.jpeg']",true,13,2,0,109,"{'children': '1', 'elders': '0', 'female': '0', 'males': '1'}"
110,0,12.931040355977025,77.46731114825587,5bc7610f5c1995331e5549fb,"['03.jpg', '04.jpg', '05.jpg', '06.jpeg', '07.jpeg', '08.jpeg', '09.jpeg', '010.jpeg', '011.jpeg', '012.jpeg', '013.jpeg']",true,13,4,0,110,"{'children': '0', 'elders': '1', 'female': '3', 'males': '0'}"
111,0,12.926696950296972,77.46568308752235,5bc7610f5c1995331e5549fc,"['03.jpg', '04.jpg', '05.jpg', '06.jpeg', '07.jpeg', '08.jpeg', '09.jpeg', '010.jpeg', '011.jpeg', '012.jpeg', '013.jpeg']",true,13,7,0,111,"{'children': '1', 'elders': '1', 'female': '1', 'males': '4'}"
112,0,12.927973317012984,77.46835722728085,5bc7610f5c1995331e5549fd,"['03.jpg', '04.jpg', '05.jpg', '06.jpeg', '07.jpeg', '08.jpeg', '09.jpeg', '010.jpeg', '011.jpeg', '012.jpeg', '013.jpeg']",true,13,8,0,112,"{'children': '2', 'elders': '1', 'female': '1', 'males': '4'}"
113,0,12.930902509260132,77.47022016609948,5bc7610f5c1995331e5549fe,"['03.jpg', '04.jpg', '05.jpg', '06.jpeg', '07.jpeg', '08.jpeg', '09.jpeg', '010.jpeg', '011.jpeg', '012.jpeg', '013.jpeg']",true,13,5,0,113,"{'children': '0', 'elders': '1', 'female': '2', 'males': '2'}"
114,0,12.942371422678086,77.46540163005605,5bc7610f5c1995331e5549ff,"['03.jpg', '04.jpg', '05.jpg', '06.jpeg', '07.jpeg', '08.jpeg', '09.jpeg', '010.jpeg', '011.jpeg', '012.jpeg', '013.jpeg']",true,13,4,0,114,"{'children': '1', 'elders': '0', 'female': '1', 'males': '2'}"
115,0,12.926830964528735,77.4632736093458,5bc7610f5c1995331e554a00,"['03.jpg', '04.jpg', '05.jpg', '06.jpeg', '07.jpeg', '08.jpeg', '09.jpeg', '010.jpeg', '011.jpeg', '012.jpeg', '013.jpeg']",true,13,8,0,115,"{'children': '2', 'elders': '1', 'female': '3', 'males': '2'}"
116,0,12.934282579619687,77.47175258649784,5bc7610f5c1995331e554a01,"['03.jpg', '04.jpg', '05.jpg', '06.jpeg', '07.jpeg', '08.jpeg', '09.jpeg', '010.jpeg', '011.jpeg', '012.jpeg', '013.jpeg']",true,13,4,0,116,"{'children': '0', 'elders': '1', 'female': '0', 'males': '3'}"
117,0,12.935028513225506,77.47234571658413,5bc7610f5c1995331e554a02,"['03.jpg', '04.jpg', '05.jpg', '06.jpeg', '07.jpeg', '08.jpeg', '09.jpeg', '010.jpeg', '011.jpeg', '012.jpeg', '013.jpeg']",true,13,8,0,117,"{'children': '2', 'elders': '1', 'female': '1', 'males': '4'}"
118,0,12.93861391546788,77.46191583219004,5bc7610f5c1995331e554a03,"['03.jpg', '04.jpg', '05.jpg', '06.jpeg', '07.jpeg', '08.jpeg', '09.jpeg', '010.jpeg', '011.jpeg', '012.jpeg', '013.jpeg']",true,13,3,0,118,"{'children': '2', 'elders': '0', 'female': '0', 'males': '1'}"
119,0,12.934192416000162,77.46564425951875,5bc7610f5c1995331e554a04,"['03.jpg', '04.jpg', '05.jpg', '06.jpeg', '07.jpeg', '08.jpeg', '09.jpeg', '010.jpeg', '011.jpeg', '012.jpeg', '013.jpeg']",true,13,6,0,119,"{'children': '0', 'elders': '1', 'female': '0', 'males': '5'}"
120,0,12.942559685051643,77.46740195450519,5bc7610f5c1995331e554a05,"['03.jpg', '04.jpg', '05.jpg', '06.jpeg', '07.jpeg', '08.jpeg', '09.jpeg', '010.jpeg', '011.jpeg', '012.jpeg', '013.jpeg']",true,13,6,0,120,"{'children': '2', 'elders': '0', 'female': '2', 'males': '2'}"
121,0,12.928189905258147,77.46576609685498,5bc7610f5c1995331e554a06,"['03.jpg', '04.jpg', '05.jpg', '06.jpeg', '07.jpeg', '08.jpeg', '09.jpeg', '010.jpeg', '011.jpeg', '012.jpeg', '013.jpeg']",true,13,3,0,121,"{'children': '0', 'elders': '0', 'female': '2', 'males': '1'}"
122,0,12.936486275340636,77.46672853040809,5bc7610f5c1995331e554a07,"['03.jpg', '04.jpg', '05.jpg', '06.jpeg', '07.jpeg', '08.jpeg', '09.jpeg', '010.jpeg', '011.jpeg', '012.jpeg', '013.jpeg']",true,13,4,0,122,"{'children': '2', 'elders': '1', 'female': '0', 'males': '1'}"
123,0,12.92472260226688,77.46176086224449,5bc7610f5c1995331e554a08,"['03.jpg', '04.jpg', '05.jpg', '06.jpeg', '07.jpeg', '08.jpeg', '09.jpeg', '010.jpeg', '011.jpeg', '012.jpeg', '013.jpeg']",true,13,4,0,123,"{'children': '1', 'elders': '0', 'female': '0', 'males': '3'}"
124,0,12.931648798791892,77.46534335639974,5bc7610f5c1995331e554a09,"['03.jpg', '04.jpg', '05.jpg', '06.jpeg', '07.jpeg', '08.jpeg', '09.jpeg', '010.jpeg', '011.jpeg', '012.jpeg', '013.jpeg']",true,13,10,0,124,"{'children': '2', 'elders': '1', 'female': '3', 'males': '4'}"
125,0,12.928416189229585,77.46971996360975,5bc7610f5c1995331e554a0a,"['03.jpg', '04.jpg', '05.jpg', '06.jpeg', '07.jpeg', '08.jpeg', '09.jpeg', '010.jpeg', '011.jpeg', '012.jpeg', '013.jpeg']",true,13,3,0,125,"{'children': '0', 'elders': '1', 'female': '0', 'males': '2'}"
126,0,12.933298739125302,77.47157870243257,5bc7610f5c1995331e554a0b,"['03.jpg', '04.jpg', '05.jpg', '06.jpeg', '07.jpeg', '08.jpeg', '09.jpeg', '010.jpeg', '011.jpeg', '012.jpeg', '013.jpeg']",true,13,4,0,126,"{'children': '2', 'elders': '0', 'female': '2', 'males': '0'}"
127,0,12.937287344720087,77.46652127012794,5bc7610f5c1995331e554a0c,"['03.jpg', '04.jpg', '05.jpg', '06.jpeg', '07.jpeg', '08.jpeg', '09.jpeg', '010.jpeg', '011.jpeg', '012.jpeg', '013.jpeg']",true,13,5,0,127,"{'children': '2', 'elders': '0', 'female': '1', 'males': '2'}"
128,0,12.940136679328573,77.46491186474059,5bc7610f5c1995331e554a0d,"['03.jpg', '04.jpg', '05.jpg', '06.jpeg', '07.jpeg', '08.jpeg', '09.jpeg', '010.jpeg', '011.jpeg', '012.jpeg', '013.jpeg']",true,13,4,0,128,"{'children': '1', 'elders': '0', 'female': '2', 'males': '1'}"
129,0,12.930195421566589,77.46685651101367,5bc7610f5c1995331e554a0e,"['03.jpg', '04.jpg', '05.jpg', '06.jpeg', '07.jpeg', '08.jpeg', '09.jpeg', '010.jpeg', '011.jpeg', '012.jpeg', '013.jpeg']",true,13,2,0,129,"{'children': '1', 'elders': '1', 'female': '0', 'males': '0'}"
130,0,12.937951879048345,77.46453949419916,5bc7610f5c1995331e554a0f,"['03.jpg', '04.jpg', '05.jpg', '06.jpeg', '07.jpeg', '08.jpeg', '09.jpeg', '010.jpeg', '011.jpeg', '012.jpeg', '013.jpeg']",true,13,10,0,130,"{'children': '2', 'elders': '0', 'female': '3', 'males': '5'}"
131,0,12.932955142534313,77.4714813072013,5bc7610f5c1995331e554a10,"['03.jpg', '04.jpg', '05.jpg', '06.jpeg', '07.jpeg', '08.jpeg', '09.jpeg', '010.jpeg', '011.jpeg', '012.jpeg', '013.jpeg']",true,13,7,0,131,"{'children': '1', 'elders': '0', 'female': '2', 'males': '4'}"
132,0,12.931037905848058,77.4712585915518,5bc7610f5c1995331e554a11,"['03.jpg', '04.jpg', '05.jpg', '06.jpeg', '07.jpeg', '08.jpeg', '09.jpeg', '010.jpeg', '011.jpeg', '012.jpeg', '013.jpeg']",true,13,8,0,132,"{'children': '1', 'elders': '0', 'female': '2', 'males': '5'}"
133,0,12.924880671337776,77.4669883897867,5bc7610f5c1995331e554a12,"['03.jpg', '04.jpg', '05.jpg', '06.jpeg', '07.jpeg', '08.jpeg', '09.jpeg', '010.jpeg', '011.jpeg', '012.jpeg', '013.jpeg']",true,13,6,0,133,"{'children': '2', 'elders': '0', 'female': '3', 'males': '1'}"
134,0,12.941999057985747,77.46487901813437,5bc7610f5c1995331e554a13,"['03.jpg', '04.jpg', '05.jpg', '06.jpeg', '07.jpeg', '08.jpeg', '09.jpeg', '010.jpeg', '011.jpeg', '012.jpeg', '013.jpeg']",true,13,3,0,134,"{'children': '1', 'elders': '1', 'female': '0', 'males': '1'}"
135,0,12.923993449867474,77.46681620965884,5bc7610f5c1995331e554a14,"['03.jpg', '04.jpg', '05.jpg', '06.jpeg', '07.jpeg', '08.jpeg', '09.jpeg', '010.jpeg', '011.jpeg', '012.jpeg', '013.jpeg']",true,13,5,0,135,"{'children': '1', 'elders': '1', 'female': '1', 'males': '2'}"
136,0,12.934231844634626,77.46441203335323,5bc7610f5c1995331e554a15,"['03.jpg', '04.jpg', '05.jpg', '06.jpeg', '07.jpeg', '08.jpeg', '09.jpeg', '010.jpeg', '011.jpeg', '012.jpeg', '013.jpeg']",true,13,10,0,136,"{'children': '2', 'elders': '0', 'female': '3', 'males': '5'}"
137,0,13.014917169112868,77.49337871630203,5bc7610f5c1995331e554a16,"['03.jpg', '04.jpg', '05.jpg', '06.jpeg', '07.jpeg', '08.jpeg', '09.jpeg', '010.jpeg', '011.jpeg', '012.jpeg', '013.jpeg']",false,13,5,2,137,"{'children': '2', 'elders': '0', 'female': '3', 'males': '0'}"
138,0,13.008964616317384,77.49618352193093,5bc7610f5c1995331e554a17,"['03.jpg', '04.jpg', '05.jpg', '06.jpeg', '07.jpeg', '08.jpeg', '09.jpeg', '010.jpeg', '011.jpeg', '012.jpeg', '013.jpeg']",false,13,5,2,138,"{'children': '1', 'elders': '0', 'female': '3', 'males': '1'}"
139,0,13.011572178959662,77.49622397341398,5bc7610f5c1995331e554a18,"['03.jpg', '04.jpg', '05.jpg', '06.jpeg', '07.jpeg', '08.jpeg', '09.jpeg', '010.jpeg', '011.jpeg', '012.jpeg', '013.jpeg']",false,13,7,2,139,"{'children': '1', 'elders': '0', 'female': '2', 'males': '4'}"
140,0,13.011238457833347,77.50022077081826,5bc7610f5c1995331e554a19,"['03.jpg', '04.jpg', '05.jpg', '06.jpeg', '07.jpeg', '08.jpeg', '09.jpeg', '010.jpeg', '011.jpeg', '012.jpeg', '013.jpeg']",false,13,7,2,140,"{'children': '1', 'elders': '0', 'female': '3', 'males': '3'}"
141,0,13.013608966611352,77.496686255709,5bc7610f5c1995331e554a1a,"['03.jpg', '04.jpg', '05.jpg', '06.jpeg', '07.jpeg', '08.jpeg', '09.jpeg', '010.jpeg', '011.jpeg', '012.jpeg', '013.jpeg']",false,13,6,2,141,"{'children': '1', 'elders': '0', 'female': '3', 'males': '2'}"
142,0,13.013448662370925,77.49779848797715,5bc7610f5c1995331e554a1b,"['03.jpg', '04.jpg', '05.jpg', '06.jpeg', '07.jpeg', '08.jpeg', '09.jpeg', '010.jpeg', '011.jpeg', '012.jpeg', '013.jpeg']",false,13,6,2,142,"{'children': '2', 'elders': '1', 'female': '3', 'males': '0'}"
143,0,13.008224872464108,77.49959879914178,5bc7610f5c1995331e554a1c,"['03.jpg', '04.jpg', '05.jpg', '06.jpeg', '07.jpeg', '08.jpeg', '09.jpeg', '010.jpeg', '011.jpeg', '012.jpeg', '013.jpeg']",false,13,6,2,143,"{'children': '2', 'elders': '0', 'female': '3', 'males': '1'}"
144,0,13.010863432811927,77.49719583848601,5bc7610f5c1995331e554a1d,"['03.jpg', '04.jpg', '05.jpg', '06.jpeg', '07.jpeg', '08.jpeg', '09.jpeg', '010.jpeg', '011.jpeg', '012.jpeg', '013.jpeg']",false,13,5,2,144,"{'children': '0', 'elders': '0', 'female': '3', 'males': '2'}"
145,0,13.010331484550752,77.49955936798801,5bc7610f5c1995331e554a1e,"['03.jpg', '04.jpg', '05.jpg', '06.jpeg', '07.jpeg', '08.jpeg', '09.jpeg', '010.jpeg', '011.jpeg', '012.jpeg', '013.jpeg']",false,13,5,2,145,"{'children': '2', 'elders': '0', 'female': '3', 'males': '0'}"
146,0,13.011452065949252,77.49586710400924,5bc7610f5c1995331e554a1f,"['03.jpg', '04.jpg', '05.jpg', '06.jpeg', '07.jpeg', '08.jpeg', '09.jpeg', '010.jpeg', '011.jpeg', '012.jpeg', '013.jpeg']",false,13,1,0,146,"{'children': '0', 'elders': '0', 'female': '1', 'males': '0'}"
147,0,13.012754681770456,77.49619737136193,5bc7610f5c1995331e554a20,"['03.jpg', '04.jpg', '05.jpg', '06.jpeg', '07.jpeg', '08.jpeg', '09.jpeg', '010.jpeg', '011.jpeg', '012.jpeg', '013.jpeg']",false,13,4,1,147,"{'children': '1', 'elders': '0', 'female': '2', 'males': '1'}"
148,0,13.012482835525685,77.49362763859256,5bc7610f5c1995331e554a21,"['03.jpg', '04.jpg', '05.jpg', '06.jpeg', '07.jpeg', '08.jpeg', '09.jpeg', '010.jpeg', '011.jpeg', '012.jpeg', '013.jpeg']",false,13,4,1,148,"{'children': '1', 'elders': '1', 'female': '2', 'males': '0'}"
149,0,13.012442775004285,77.49421655945912,5bc7610f5c1995331e554a22,"['03.jpg', '04.jpg', '05.jpg', '06.jpeg', '07.jpeg', '08.jpeg', '09.jpeg', '010.jpeg', '011.jpeg', '012.jpeg', '013.jpeg']",false,13,9,2,149,"{'children': '1', 'elders': '1', 'female': '3', 'males': '4'}"
150,0,13.065657373631842,77.79422811781028,5bc7610f5c1995331e554a23,"['03.jpg', '04.jpg', '05.jpg', '06.jpeg', '07.jpeg', '08.jpeg', '09.jpeg', '010.jpeg', '011.jpeg', '012.jpeg', '013.jpeg']",false,13,9,2,150,"{'children': '0', 'elders': '1', 'female': '3', 'males': '5'}"
151,0,13.069486198202595,77.78898219739433,5bc7610f5c1995331e554a24,"['03.jpg', '04.jpg', '05.jpg', '06.jpeg', '07.jpeg', '08.jpeg', '09.jpeg', '010.jpeg', '011.jpeg', '012.jpeg', '013.jpeg']",false,13,2,0,151,"{'children': '1', 'elders': '0', 'female': '1', 'males': '0'}"
152,0,13.067131652628966,77.79452119279202,5bc7610f5c1995331e554a25,"['03.jpg', '04.jpg', '05.jpg', '06.jpeg', '07.jpeg', '08.jpeg', '09.jpeg', '010.jpeg', '011.jpeg', '012.jpeg', '013.jpeg']",false,13,5,2,152,"{'children': '1', 'elders': '1', 'female': '1', 'males': '2'}"
153,0,13.071066683140176,77.78833511000408,5bc7610f5c1995331e554a26,"['03.jpg', '04.jpg', '05.jpg', '06.jpeg', '07.jpeg', '08.jpeg', '09.jpeg', '010.jpeg', '011.jpeg', '012.jpeg', '013.jpeg']",false,13,4,1,153,"{'children': '0', 'elders': '1', 'female': '1', 'males': '2'}"
154,0,13.064444166437536,77.7990785489812,5bc7610f5c1995331e554a27,"['03.jpg', '04.jpg', '05.jpg', '06.jpeg', '07.jpeg', '08.jpeg', '09.jpeg', '010.jpeg', '011.jpeg', '012.jpeg', '013.jpeg']",false,13,4,1,154,"{'children': '2', 'elders': '0', 'female': '2', 'males': '0'}"
155,0,13.067554150105405,77.79445169782987,5bc7610f5c1995331e554a28,"['03.jpg', '04.jpg', '05.jpg', '06.jpeg', '07.jpeg', '08.jpeg', '09.jpeg', '010.jpeg', '011.jpeg', '012.jpeg', '013.jpeg']",false,13,6,2,155,"{'children': '2', 'elders': '1', 'female': '2', 'males': '1'}"
156,0,13.065747085144407,77.7899479106362,5bc7610f5c1995331e554a29,"['03.jpg', '04.jpg', '05.jpg', '06.jpeg', '07.jpeg', '08.jpeg', '09.jpeg', '010.jpeg', '011.jpeg', '012.jpeg', '013.jpeg']",false,13,6,2,156,"{'children': '1', 'elders': '1', 'female': '3', 'males': '1'}"
157,0,13.067618852230813,77.79701274065648,5bc7610f5c1995331e554a2a,"['03.jpg', '04.jpg', '05.jpg', '06.jpeg', '07.jpeg', '08.jpeg', '09.jpeg', '010.jpeg', '011.jpeg', '012.jpeg', '013.jpeg']",false,13,5,2,157,"{'children': '1', 'elders': '0', 'female': '2', 'males': '2'}"
158,0,13.07355302484441,77.78915447931483,5bc7610f5c1995331e554a2b,"['03.jpg', '04.jpg', '05.jpg', '06.jpeg', '07.jpeg', '08.jpeg', '09.jpeg', '010.jpeg', '011.jpeg', '012.jpeg', '013.jpeg']",false,13,4,1,158,"{'children': '0', 'elders': '1', 'female': '1', 'males': '2'}"
159,0,13.063539428310685,77.79362281327562,5bc7610f5c1995331e554a2c,"['03.jpg', '04.jpg', '05.jpg', '06.jpeg', '07.jpeg', '08.jpeg', '09.jpeg', '010.jpeg', '011.jpeg', '012.jpeg', '013.jpeg']",false,13,4,1,159,"{'children': '1', 'elders': '1', 'female': '0', 'males': '2'}"
160,0,13.069243123951773,77.79909176842425,5bc7610f5c1995331e554a2d,"['03.jpg', '04.jpg', '05.jpg', '06.jpeg', '07.jpeg', '08.jpeg', '09.jpeg', '010.jpeg', '011.jpeg', '012.jpeg', '013.jpeg']",false,13,2,0,160,"{'children': '1', 'elders': '0', 'female': '1', 'males': '0'}"
161,0,13.067568248516205,77.79026425396455,5bc7610f5c1995331e554a2e,"['03.jpg', '04.jpg', '05.jpg', '06.jpeg', '07.jpeg', '08.jpeg', '09.jpeg', '010.jpeg', '011.jpeg', '012.jpeg', '013.jpeg']",false,13,4,1,161,"{'children': '0', 'elders': '0', 'female': '1', 'males': '3'}"
162,0,13.067876758386314,77.79246960863495,5bc7610f5c1995331e554a2f,"['03.jpg', '04.jpg', '05.jpg', '06.jpeg', '07.jpeg', '08.jpeg', '09.jpeg', '010.jpeg', '011.jpeg', '012.jpeg', '013.jpeg']",false,13,6,2,162,"{'children': '1', 'elders': '1', 'female': '1', 'males': '3'}"
163,0,13.070553983711653,77.79136222294942,5bc7610f5c1995331e554a30,"['03.jpg', '04.jpg', '05.jpg', '06.jpeg', '07.jpeg', '08.jpeg', '09.jpeg', '010.jpeg', '011.jpeg', '012.jpeg', '013.jpeg']",false,13,6,2,163,"{'children': '2', 'elders': '0', 'female': '3', 'males': '1'}"
164,0,13.064391385371675,77.79924306424827,5bc7610f5c1995331e554a31,"['03.jpg', '04.jpg', '05.jpg', '06.jpeg', '07.jpeg', '08.jpeg', '09.jpeg', '010.jpeg', '011.jpeg', '012.jpeg', '013.jpeg']",false,13,5,2,164,"{'children': '0', 'elders': '1', 'female': '2', 'males': '2'}"
165,0,13.068416891274286,77.79949948799941,5bc7610f5c1995331e554a32,"['03.jpg', '04.jpg', '05.jpg', '06.jpeg', '07.jpeg', '08.jpeg', '09.jpeg', '010.jpeg', '011.jpeg', '012.jpeg', '013.jpeg']",false,13,8,2,165,"{'children': '2', 'elders': '1', 'female': '0', 'males': '5'}"
166,0,13.06647049056246,77.79784133598555,5bc7610f5c1995331e554a33,"['03.jpg', '04.jpg', '05.jpg', '06.jpeg', '07.jpeg', '08.jpeg', '09.jpeg', '010.jpeg', '011.jpeg', '012.jpeg', '013.jpeg']",false,13,4,1,166,"{'children': '0', 'elders': '1', 'female': '0', 'males': '3'}"
